COUNTY,DISTRICT,SUB-COUNTY,PARISH,VILLAGE
Kyadondo,Kampala,Kampala Central Division,Mengo,Budonian
Kyadondo,Kampala,Kampala Central Division,Mengo,Hoima Road
Kyadondo,Kampala,Kampala Central Division,Mengo,Musajja-Alumbwa
Kyadondo,Kampala,Kampala Central Division,Mengo,Musajja-Alumbwa Flats
Kyadondo,Kampala,Kampala Central Division,Mengo,Namirembe Road
Kyadondo,Kampala,Kampala Central Division,Mengo,Nannozi
Kyadondo,Kampala,Kampala Central Division,Mengo,Rubaga Road A
Kyadondo,Kampala,Kampala Central Division,Mengo,Rubaga Road B
Kyadondo,Kampala,Kampala Central Division,Mengo,Sebalijja
Kyadondo,Kampala,Kampala Central Division,Mengo,Social Centre
Kyadondo,Kampala,Kampala Central Division,Mengo,Sserwanga
Kyadondo,Kampala,Kampala Central Division,Mengo,Yoana Maria
Kyadondo,Kampala,Kampala Central Division,Bukesa,Kakajjo I
Kyadondo,Kampala,Kampala Central Division,Bukesa,Kakajjo II
Kyadondo,Kampala,Kampala Central Division,Kisenyi I,Blue Room
Kyadondo,Kampala,Kampala Central Division,Kisenyi I,Buwanika
Kyadondo,Kampala,Kampala Central Division,Kisenyi I,Central
Kyadondo,Kampala,Kampala Central Division,Kisenyi I,Muzaana
Kyadondo,Kampala,Kampala Central Division,Kisenyi II,Church Area
Kyadondo,Kampala,Kampala Central Division,Kisenyi II,Kakajjo
Kyadondo,Kampala,Kampala Central Division,Kisenyi II,Kasaato
Kyadondo,Kampala,Kampala Central Division,Kisenyi II,Kibwa
Kyadondo,Kampala,Kampala Central Division,Kisenyi II,Kiganda
Kyadondo,Kampala,Kampala Central Division,Kisenyi II,Lubiri Triangle
Kyadondo,Kampala,Kampala Central Division,Kisenyi II,Market View
Kyadondo,Kampala,Kampala Central Division,Kisenyi II,Mbiro
Kyadondo,Kampala,Kampala Central Division,Kisenyi II,Mengo Hill
Kyadondo,Kampala,Kampala Central Division,Kisenyi II,School View
Kyadondo,Kampala,Kampala Central Division,Kisenyi III,Kawempe
Kyadondo,Kampala,Kampala Central Division,Kisenyi III,Kiguli
Kyadondo,Kampala,Kampala Central Division,Kisenyi III,Kiti
Kyadondo,Kampala,Kampala Central Division,Kisenyi III,Luzige
Kyadondo,Kampala,Kampala Central Division,Kisenyi III,Nook
Kyadondo,Kampala,Kampala Central Division,Kisenyi III,Sapoba
Kyadondo,Kampala,Makindye Division,Katwe I,Buligwanga
Kyadondo,Kampala,Makindye Division,Katwe I,Kasule
Kyadondo,Kampala,Makindye Division,Katwe I,Lufula
Kyadondo,Kampala,Makindye Division,Katwe I,Musoke
Kyadondo,Kampala,Makindye Division,Katwe I,Muwanga
Kyadondo,Kampala,Makindye Division,Katwe I,Nawanku
Kyadondo,Kampala,Makindye Division,Katwe I,White Nile
Kyadondo,Kampala,Makindye Division,Katwe I,Bagirinya
Kyadondo,Kampala,Makindye Division,Katwe I,Lubiri Ring Road
Kyadondo,Kampala,Makindye Division,Katwe I,Muwonge
Kyadondo,Kampala,Makindye Division,Katwe II,Along Kayemba Road
Kyadondo,Kampala,Makindye Division,Katwe II,Along Jjuuko Road
Kyadondo,Kampala,Makindye Division,Katwe II,Along Katumba Road
Kyadondo,Kampala,Makindye Division,Katwe II,Base
Kyadondo,Kampala,Makindye Division,Katwe II,Central
Kyadondo,Kampala,Makindye Division,Katwe II,Kevina
Kyadondo,Kampala,Makindye Division,Katwe II,Kiganda
Kyadondo,Kampala,Makindye Division,Katwe II,Taawo
Kyadondo,Kampala,Makindye Division,Katwe II,West
Kyadondo,Kampala,Makindye Division,Katwe II,Byuma
Kyadondo,Kampala,Makindye Division,Katwe II,Katenda
Kyadondo,Kampala,Makindye Division,Kibuye I,Barracks
Kyadondo,Kampala,Makindye Division,Kibuye I,Juuko
Kyadondo,Kampala,Makindye Division,Kibuye I,Nabisalu
Kyadondo,Kampala,Makindye Division,Kibuye I,Nkere
Kyadondo,Kampala,Makindye Division,Kibuye I,Wasswa
Kyadondo,Kampala,Makindye Division,Kibuye I,St. Bendect
Kyadondo,Kampala,Makindye Division,Kibuye I,Kanakulya
Kyadondo,Kampala,Makindye Division,Kibuye I,Nsuwa
Kyadondo,Kampala,Makindye Division,Kibuye I,Kapeke
Kyadondo,Kampala,Makindye Division,Kibuye I,Masaku
Kyadondo,Kampala,Makindye Division,Kibuye I,Wanyana
Kyadondo,Kampala,Makindye Division,Kibuye II,Kategula
Kyadondo,Kampala,Makindye Division,Kibuye II,Kavule
Kyadondo,Kampala,Makindye Division,Kibuye II,Kirundu
Kyadondo,Kampala,Makindye Division,Kibuye II,Wansanso
Kyadondo,Kampala,Makindye Division,Kibuye II,Lubiri
Kyadondo,Kampala,Makindye Division,Kibuye II,Lwanga
Kyadondo,Kampala,Makindye Division,Kibuye II,Nyago
Kyadondo,Kampala,Makindye Division,Kibuye II,Kiyembe
Kyadondo,Kampala,Makindye Division,Salaama,Buziga
Kyadondo,Kampala,Makindye Division,Salaama,Kyamula
Kyadondo,Kampala,Makindye Division,Salaama,Mulungu
Kyadondo,Kampala,Makindye Division,Salaama,Nakinyuguzi
Kyadondo,Kampala,Makindye Division,Salaama,Kalani
Kyadondo,Kampala,Makindye Division,Salaama,Kosovo
Kyadondo,Kampala,Makindye Division,Salaama,Kigaga
Kyadondo,Kampala,Makindye Division,Salaama,Boston
Kyadondo,Kampala,Makindye Division,Salaama,Badongo
Kyadondo,Kampala,Makindye Division,Salaama,Zikusoka
Kyadondo,Kampala,Makindye Division,Salaama,Valley
Kyadondo,Kampala,Makindye Division,Salaama,Munyonyo
Kyadondo,Kampala,Makindye Division,Salaama,Salama Central
Kyadondo,Kampala,Makindye Division,Salaama,Takajunge
Kyadondo,Kampala,Makindye Division,Buziga,Katuuso
Kyadondo,Kampala,Makindye Division,Buziga,Kiruddu
Kyadondo,Kampala,Makindye Division,Buziga,Mawanga
Kyadondo,Kampala,Makindye Division,Buziga,Upper Buziga
Kyadondo,Kampala,Makindye Division,Buziga,Sserwadda
Kyadondo,Kampala,Makindye Division,Buziga,Kakande
Kyadondo,Kampala,Makindye Division,Buziga,Lower Mawanga
Kyadondo,Kampala,Makindye Division,Buziga,Upper Mawanga
Kyadondo,Kampala,Makindye Division,Buziga,Mudde
Kyadondo,Kampala,Makindye Division,Buziga,Buziga Hill View
Kyadondo,Kampala,Makindye Division,Lukuli,Kalule
Kyadondo,Kampala,Makindye Division,Lukuli,Katimbo
Kyadondo,Kampala,Makindye Division,Lukuli,Kizungu
Kyadondo,Kampala,Makindye Division,Lukuli,Lower Konge
Kyadondo,Kampala,Makindye Division,Lukuli,Tyaaba
Kyadondo,Kampala,Makindye Division,Lukuli,Upper Konge
Kyadondo,Kampala,Makindye Division,Lukuli,Zone 5
Kyadondo,Kampala,Makindye Division,Lukuli,Kintu
Kyadondo,Kampala,Makindye Division,Lukuli,Nsereko
Kyadondo,Kampala,Makindye Division,Lukuli,Mponye
Kyadondo,Kampala,Makindye Division,Lukuli,Kasule
Kyadondo,Kampala,Makindye Division,Lukuli,Yoram
Kyadondo,Kampala,Makindye Division,Lukuli,Bruno
Kyadondo,Kampala,Makindye Division,Lukuli,Kagoda
Kyadondo,Kampala,Makindye Division,Lukuli,Kanisa
Kyadondo,Kampala,Makindye Division,Lukuli,Kibalama
Kyadondo,Kampala,Makindye Division,Lukuli,Kiwempe
Kyadondo,Kampala,Makindye Division,Lukuli,Sankara
Kyadondo,Kampala,Makindye Division,Lukuli,Seruwagi
Kyadondo,Kampala,Makindye Division,Makindye I,Kirombe
Kyadondo,Kampala,Makindye Division,Makindye I,Kizungu
Kyadondo,Kampala,Makindye Division,Makindye I,Lusaka
Kyadondo,Kampala,Makindye Division,Makindye I,Luvuma
Kyadondo,Kampala,Makindye Division,Makindye I,Military Barracks
Kyadondo,Kampala,Makindye Division,Makindye I,Mubarrak
Kyadondo,Kampala,Makindye Division,Makindye I,Water Pump
Kyadondo,Kampala,Makindye Division,Makindye I,Katale Zone
Kyadondo,Kampala,Makindye Division,Makindye I,Ismael Matovu
Kyadondo,Kampala,Makindye Division,Makindye I,Kazinga Close
Kyadondo,Kampala,Makindye Division,Makindye II,Dubai
Kyadondo,Kampala,Makindye Division,Makindye II,Kanisa
Kyadondo,Kampala,Makindye Division,Makindye II,Kerezia (Calendar Hotel)
Kyadondo,Kampala,Makindye Division,Makindye II,Kipamba
Kyadondo,Kampala,Makindye Division,Makindye II,Madirisa (KCCA Division)
Kyadondo,Kampala,Makindye Division,Makindye II,Muswangali
Kyadondo,Kampala,Makindye Division,Luwafu,Kirundu
Kyadondo,Kampala,Makindye Division,Luwafu,Bukejje
Kyadondo,Kampala,Makindye Division,Luwafu,Nakinyuguzi
Kyadondo,Kampala,Makindye Division,Luwafu,Amazon
Kyadondo,Kampala,Makindye Division,Luwafu,Luwafu-Kizungu
Kyadondo,Kampala,Makindye Division,Luwafu,Abas
Kyadondo,Kampala,Makindye Division,Luwafu,Sempa
Kyadondo,Kampala,Makindye Division,Luwafu,Ssendagala
Kyadondo,Kampala,Makindye Division,Luwafu,Diplomat
Kyadondo,Kampala,Makindye Division,Luwafu,Nakinyuguzi Lower
Kyadondo,Kampala,Makindye Division,Ggaba,Ggaba Trading Centre
Kyadondo,Kampala,Makindye Division,Ggaba,Kawuku
Kyadondo,Kampala,Makindye Division,Ggaba,Ggaba Mission
Kyadondo,Kampala,Makindye Division,Ggaba,Ggaba Water
Kyadondo,Kampala,Makindye Division,Ggaba,Sendawula
Kyadondo,Kampala,Makindye Division,Kansanga,Kansanga
Kyadondo,Kampala,Makindye Division,Kansanga,Nabutiti
Kyadondo,Kampala,Makindye Division,Kansanga,Sebuliba
Kyadondo,Kampala,Makindye Division,Kansanga,Maasaana
Kyadondo,Kampala,Makindye Division,Kansanga,Wheeling
Kyadondo,Kampala,Makindye Division,Kansanga,Church
Kyadondo,Kampala,Makindye Division,Kansanga,Kataabu
Kyadondo,Kampala,Makindye Division,Kansanga,Mutesasira
Kyadondo,Kampala,Makindye Division,Kibuli,Kibuli
Kyadondo,Kampala,Makindye Division,Kibuli,Agip
Kyadondo,Kampala,Makindye Division,Kibuli,Kitooro
Kyadondo,Kampala,Makindye Division,Kibuli,Lubowa
Kyadondo,Kampala,Makindye Division,Kibuli,Central
Kyadondo,Kampala,Makindye Division,Kabalagala,Buyinja
Kyadondo,Kampala,Makindye Division,Wabigalo,Project Zone
Kyadondo,Kampala,Makindye Division,Kisugu,Kisugu
Kyadondo,Kampala,Makindye Division,Nsambya Central,Central
Kyadondo,Kampala,Makindye Division,Nsambya Central,Gogonya II
Kyadondo,Kampala,Makindye Division,Nsambya Central,Nsambya West
Kyadondo,Kampala,Nakawa Division,Butabika,Butabika
Kyadondo,Kampala,Nakawa Division,Butabika,Bbiina A
Kyadondo,Kampala,Nakawa Division,Butabika,Bbiina B
Kyadondo,Kampala,Nakawa Division,Mbuya I,Mbuya Hill
Kyadondo,Kampala,Nakawa Division,Luzira,Agatii
Kyadondo,Kampala,Nakawa Division,Luzira,Central
Kyadondo,Kampala,Nakawa Division,Luzira,Kamwanyi
Kyadondo,Kampala,Nakawa Division,Luzira,Kasasiro
Kyadondo,Kampala,Nakawa Division,Luzira,Kasumba
Kyadondo,Kampala,Nakawa Division,Luzira,Kisenyi I
Kyadondo,Kampala,Nakawa Division,Luzira,Kisenyi II
Kyadondo,Kampala,Nakawa Division,Luzira,Kisenyi III
Kyadondo,Kampala,Nakawa Division,Luzira,Kisenyi IV
Kyadondo,Kampala,Nakawa Division,Luzira,Kirombe
Kyadondo,Kampala,Nakawa Division,Luzira,Lake Drive
Kyadondo,Kampala,Nakawa Division,Luzira,Lakeside
Kyadondo,Kampala,Nakawa Division,Luzira,Mambo Bado
Kyadondo,Kampala,Nakawa Division,Luzira,Marines
Kyadondo,Kampala,Nakawa Division,Luzira,Mawejje
Kyadondo,Kampala,Nakawa Division,Luzira,Panda Pier
Kyadondo,Kampala,Nakawa Division,Luzira,Railway Qtrs
Kyadondo,Kampala,Nakawa Division,Luzira,Safina
Kyadondo,Kampala,Nakawa Division,Luzira,Stage 5
Kyadondo,Kampala,Nakawa Division,Luzira,Stage 6
Kyadondo,Kampala,Nakawa Division,Luzira,Stage 7
Kyadondo,Kampala,Nakawa Division,Luzira,Upper Bbiina
Kyadondo,Kampala,Lubaga Division,Namirembe,Bakuli
Kyadondo,Kampala,Lubaga Division,Namirembe,Bakuli Market
Kyadondo,Kampala,Lubaga Division,Namirembe,Butikiro
Kyadondo,Kampala,Lubaga Division,Namirembe,Ham Mukasa
Kyadondo,Kampala,Lubaga Division,Namirembe,Kayiwa
Kyadondo,Kampala,Lubaga Division,Namirembe,Kisingiri
Kyadondo,Kampala,Lubaga Division,Namirembe,Kitala
Kyadondo,Kampala,Lubaga Division,Namirembe,Mackay
Kyadondo,Kampala,Lubaga Division,Namirembe,Masiki
Kyadondo,Kampala,Lubaga Division,Namirembe,Mengo Market
Kyadondo,Kampala,Lubaga Division,Namirembe,Mengo Town
Kyadondo,Kampala,Lubaga Division,Namirembe,Mulira
Kyadondo,Kampala,Lubaga Division,Namirembe,Ntulume
Kyadondo,Kampala,Lubaga Division,Namirembe,Senkatuuka
Kyadondo,Kampala,Lubaga Division,Nakulabye,Baliruno
Kyadondo,Kampala,Lubaga Division,Nakulabye,Masiro
Kyadondo,Kampala,Lubaga Division,Nakulabye,Mujomba
Kyadondo,Kampala,Lubaga Division,Nakulabye,Nakulabye West Church
Kyadondo,Kampala,Lubaga Division,Nakulabye,Seventh Day
Kyadondo,Kampala,Lubaga Division,Nakulabye,Suzana
Kyadondo,Kampala,Lubaga Division,Nakulabye,Terrace
Kyadondo,Kampala,Lubaga Division,Nakulabye,Tree Shadow
Kyadondo,Kampala,Lubaga Division,Nakulabye,Zone 7
Kyadondo,Kampala,Lubaga Division,Kasubi,Kasubi I
Kyadondo,Kampala,Lubaga Division,Kasubi,Kasubi II
Kyadondo,Kampala,Lubaga Division,Kasubi,Kasubi III
Kyadondo,Kampala,Lubaga Division,Kasubi,Kasubi IV
Kyadondo,Kampala,Lubaga Division,Kasubi,Kawaala I
Kyadondo,Kampala,Lubaga Division,Kasubi,Kawaala II
Kyadondo,Kampala,Lubaga Division,Kasubi,Kawaala Central
Kyadondo,Kampala,Lubaga Division,Kasubi,Kawaala III
Kyadondo,Kampala,Lubaga Division,Kasubi,Mugema
Kyadondo,Kampala,Lubaga Division,Kasubi,Namungoona/Kasu bi
Kyadondo,Kampala,Lubaga Division,Makerere,Kikoni
Kyadondo,Kampala,Lubaga Division,Makerere,Kavule
Kyadondo,Kampala,Lubaga Division,Lubya,Bukulugi
Kyadondo,Kampala,Lubaga Division,Lubya,Kinonya
Kyadondo,Kampala,Lubaga Division,Lubya,Lubya
Kyadondo,Kampala,Lubaga Division,Lubya,Lugala
Kyadondo,Kampala,Lubaga Division,Lubya,Lusaze
Kyadondo,Kampala,Lubaga Division,Lubya,Mapeera
Kyadondo,Kampala,Lubaga Division,Lubya,Masanafu
Kyadondo,Kampala,Lubaga Division,Lubya,Nabulagala I
Kyadondo,Kampala,Lubaga Division,Lubya,Namungoona I
Kyadondo,Kampala,Lubaga Division,Lubya,Namungoona II
Kyadondo,Kampala,Lubaga Division,Lungujja,Kikandwa
Kyadondo,Kampala,Lubaga Division,Lungujja,Kitunzi
Kyadondo,Kampala,Lubaga Division,Lungujja,Makamba
Kyadondo,Kampala,Lubaga Division,Lungujja,Sendawula
Kyadondo,Kampala,Lubaga Division,Lungujja,Wakaliga
Kyadondo,Kampala,Lubaga Division,Lungujja,Zone 8
Kyadondo,Kampala,Lubaga Division,Lungujja,Mbuubi
Kyadondo,Kampala,Lubaga Division,Rubaga,Ben Kiwanuka
Kyadondo,Kampala,Lubaga Division,Rubaga,Bulwa
Kyadondo,Kampala,Lubaga Division,Rubaga,Church
Kyadondo,Kampala,Lubaga Division,Rubaga,Hospital
Kyadondo,Kampala,Lubaga Division,Rubaga,Kabuusu
Kyadondo,Kampala,Lubaga Division,Rubaga,Kakeeka
Kyadondo,Kampala,Lubaga Division,Rubaga,Kayanja
Kyadondo,Kampala,Lubaga Division,Rubaga,Lubiri
Kyadondo,Kampala,Lubaga Division,Rubaga,Lule
Kyadondo,Kampala,Lubaga Division,Rubaga,Musigula
Kyadondo,Kampala,Lubaga Division,Rubaga,Nabunya
Kyadondo,Kampala,Lubaga Division,Rubaga,Nalukolongo
Kyadondo,Kampala,Lubaga Division,Rubaga,Pope Paul
Kyadondo,Kampala,Lubaga Division,Rubaga,Wagaba
Kyadondo,Kampala,Lubaga Division,Mutundwe,Kabaawo
Kyadondo,Kampala,Lubaga Division,Mutundwe,Kiggagga
Kyadondo,Kampala,Lubaga Division,Mutundwe,Kitawuluzi
Kyadondo,Kampala,Lubaga Division,Mutundwe,Kitebi
Kyadondo,Kampala,Lubaga Division,Mutundwe,Kweeba
Kyadondo,Kampala,Lubaga Division,Mutundwe,Mbaawo
Kyadondo,Kampala,Lubaga Division,Mutundwe,Mutundwe I
Kyadondo,Kampala,Lubaga Division,Mutundwe,Mutundwe II
Kyadondo,Kampala,Lubaga Division,Mutundwe,Nyanama
Kyadondo,Kampala,Lubaga Division,Kabowa,Church
Kyadondo,Kampala,Lubaga Division,Kabowa,Kabowa Central
Kyadondo,Kampala,Lubaga Division,Kabowa,Kironde
Kyadondo,Kampala,Lubaga Division,Kabowa,Sembule A
Kyadondo,Kampala,Lubaga Division,Kabowa,Sembule B
Kyadondo,Kampala,Lubaga Division,Kabowa,Serwadda
Kyadondo,Kampala,Lubaga Division,Kabowa,Simbwa
Kyadondo,Kampala,Lubaga Division,Kabowa,Ssuuna
Kyadondo,Kampala,Lubaga Division,Kabowa,St. Anne
Kyadondo,Kampala,Lubaga Division,Kabowa,Wankulukuku
Kyadondo,Kampala,Lubaga Division,Natete,Central A
Kyadondo,Kampala,Lubaga Division,Natete,Central B
Kyadondo,Kampala,Lubaga Division,Natete,Central C
Kyadondo,Kampala,Lubaga Division,Natete,Central D
Kyadondo,Kampala,Lubaga Division,Natete,Church
Kyadondo,Kampala,Lubaga Division,Natete,Factory
Kyadondo,Kampala,Lubaga Division,Natete,Kajumbi
Kyadondo,Kampala,Lubaga Division,Natete,Kiggaga
Kyadondo,Kampala,Lubaga Division,Natete,Kitooro
Kyadondo,Kampala,Lubaga Division,Natete,Kivumbi
Kyadondo,Kampala,Lubaga Division,Natete,Musoke
Kyadondo,Kampala,Lubaga Division,Natete,Nanfuka
Kyadondo,Kampala,Lubaga Division,Ndeeba,Central
Kyadondo,Kampala,Lubaga Division,Ndeeba,Kidoomoole
Kyadondo,Kampala,Lubaga Division,Ndeeba,Aggrey
Kyadondo,Kampala,Lubaga Division,Ndeeba,Betania
Kyadondo,Kampala,Lubaga Division,Ndeeba,Kasumba
Kyadondo,Kampala,Lubaga Division,Ndeeba,Kayanja
Kyadondo,Kampala,Lubaga Division,Ndeeba,Nsiike I
Kyadondo,Kampala,Lubaga Division,Ndeeba,Nsiike II
Kyadondo,Kampala,Lubaga Division,Ndeeba,Spire
Kyadondo,Kampala,Lubaga Division,Ndeeba,Tomusange
Kyadondo,Kampala,Lubaga Division,Busega,Central A
Kyadondo,Kampala,Lubaga Division,Busega,Central B
Kyadondo,Kampala,Lubaga Division,Busega,Central C
Kyadondo,Kampala,Lubaga Division,Busega,Kabaale
Kyadondo,Kampala,Lubaga Division,Busega,Kibumbiro A
Kyadondo,Kampala,Lubaga Division,Busega,Kibumbiro B
Kyadondo,Kampala,Lubaga Division,Busega,Kigwanya
Kyadondo,Kampala,Lubaga Division,Busega,Kitaka
Kyadondo,Kampala,Lubaga Division,Busega,Nabisasiro
Kyadondo,Kampala,Kawempe Division,Mulago II,Bakery
Kyadondo,Kampala,Kawempe Division,Mulago II,Kafeero
Kyadondo,Kampala,Kawempe Division,Mulago II,Katale
Kyadondo,Kampala,Kawempe Division,Mulago II,Kiwonvu
Kyadondo,Kampala,Kawempe Division,Mulago II,Nalwewuba
Kyadondo,Kampala,Kawempe Division,Mulago II,Triangle
Kyadondo,Kampala,Kawempe Division,Mulago II,U.E.B
Kyadondo,Kampala,Kawempe Division,Mulago III,Kalerwe
Kyadondo,Kampala,Kawempe Division,Mulago III,Kifumbira
Kyadondo,Kampala,Kawempe Division,Mulago III,Lower Nsooba
Kyadondo,Kampala,Kawempe Division,Mulago III,Nsooba East
Kyadondo,Kampala,Kawempe Division,Mulago III,Upper Nsooba
Kyadondo,Wakiso,Makindye Ssabagabo,Mutundwe,Mirembe Zone
Kyadondo,Wakiso,Makindye Ssabagabo,Mutundwe,Kisigula
Kyadondo,Wakiso,Makindye Ssabagabo,Mutundwe,Wabiyinja
Kyadondo,Wakiso,Nangabo,Wampewo,Buyinja
Kyadondo,Wakiso,Nangabo,Wampewo,Kazinga
Kyadondo,Wakiso,Nangabo,Wampewo,Luteete A
Kyadondo,Wakiso,Nangabo,Wampewo,Magere-Kito
Kyadondo,Wakiso,Nangabo,Wampewo,Seeta
Kyadondo,Wakiso,Nangabo,Wampewo,Wampewo (gayaza road)
Kyadondo,Wakiso,Nangabo,Wampewo,Wampewo
Kyadondo,Wakiso,Nangabo,Gayaza,Gayaza A
Kyadondo,Wakiso,Nangabo,Gayaza,Gayaza B
Kyadondo,Wakiso,Nangabo,Gayaza,Kabanyoro
Kyadondo,Wakiso,Nangabo,Gayaza,Kyankima
Kyadondo,Wakiso,Nangabo,Gayaza,Kyetume A
Kyadondo,Wakiso,Nangabo,Gayaza,Nalyamagonja
Kyadondo,Wakiso,Nangabo,Bulamu,Bulamu Deputy
Kyadondo,Wakiso,Nangabo,Bulamu,Bulamu-Kasangati
Kyadondo,Wakiso,Nangabo,Bulamu,Kayebe
Kyadondo,Wakiso,Nangabo,Bulamu,Kyetume B
Kyadondo,Wakiso,Nangabo,Bulamu,Namavundu
Kyadondo,Wakiso,Nangabo,Nangabo,Bbamba
Kyadondo,Wakiso,Nangabo,Nangabo,Kitagobwa
Kyadondo,Wakiso,Nangabo,Nangabo,Makenke
Kyadondo,Wakiso,Nangabo,Nangabo,Nabutaka/Gitta
Kyadondo,Wakiso,Nangabo,Nangabo,Nangabo
Kyadondo,Wakiso,Nangabo,Masooli,Kitetikka
Kyadondo,Wakiso,Nangabo,Masooli,Kiwalimu
Kyadondo,Wakiso,Nangabo,Masooli,Luteete-Masooli (Kelezia)
Kyadondo,Wakiso,Nangabo,Masooli,Masooli-Kyambogo
Kyadondo,Wakiso,Nangabo,Katadde,Katadde
Kyadondo,Wakiso,Nangabo,Watuba,Jokolera
Kyadondo,Wakiso,Nangabo,Watuba,Kabunza
Kyadondo,Wakiso,Nangabo,Watuba,Kiti A
Kyadondo,Wakiso,Nangabo,Watuba,Kiti B
Kyadondo,Wakiso,Nangabo,Watuba,Watuba
Kyadondo,Wakiso,Nangabo,Kiteezi,Bbumbu-Kiteezi
Kyadondo,Wakiso,Nangabo,Kiteezi,Kabaga-Kayanga
Kyadondo,Wakiso,Nangabo,Kiteezi,Lubatu
Kyadondo,Wakiso,Nangabo,Kiteezi,Lusanja
Kyadondo,Wakiso,Kira Town Council,Kira Ward,Kira Gombolola Hq
Kyadondo,Wakiso,Busukuma,Magigye,Bukemba-Kizawula
Kyadondo,Wakiso,Busukuma,Magigye,Kijjudde/Buwagga
Kyadondo,Wakiso,Busukuma,Magigye,Magigye/Luguudo
Kyadondo,Wakiso,Busukuma,Busukuma,Busukuma
Kyadondo,Wakiso,Busukuma,Busukuma,Namulonge/Nabala nga
Kyadondo,Wakiso,Busukuma,Busukuma,Busukuma G/Hq
Kyadondo,Wakiso,Busukuma,Kabumba,Kabumba
Busiro,Wakiso,Nsangi,Nabbingo,Nabbingo
Busiro,Wakiso,Nsangi,Nabbingo,Tegga
Busiro,Wakiso,Nsangi,Nabbingo,Kiyanja
Busiro,Wakiso,Nsangi,Buddo,Kimbejja
Busiro,Wakiso,Nsangi,Buddo,Maggwa
Busiro,Wakiso,Nsangi,Buddo,Naggalabi
Busiro,Wakiso,Nsangi,Buddo,Nakiragala
Busiro,Wakiso,Nsangi,Buddo,Nakasozi
Busiro,Wakiso,Nsangi,Buddo,Buddo
Busiro,Wakiso,Nsangi,Buddo,Mugongo A
Busiro,Wakiso,Nsangi,Kyengera,Nkokonjeru
Busiro,Wakiso,Nsangi,Kyengera,Wakimese
Busiro,Wakiso,Nsangi,Kasenge,Kabojja A
Busiro,Wakiso,Nsangi,Kasenge,Kazinga
Busiro,Wakiso,Nsangi,Kasenge,Mugongo
Busiro,Wakiso,Nsangi,Kasenge,Kasenge town
Busiro,Wakiso,Nsangi,Kasenge,Nalumunye
Busiro,Wakiso,Nsangi,Kitemu,Kisozi
Busiro,Wakiso,Nsangi,Kitemu,Kitemu
Busiro,Wakiso,Nsangi,Kitemu,Nakitokolo
Busiro,Wakiso,Nsangi,Kitemu,Namagoma
Busiro,Wakiso,Nsangi,Kitemu,Kivu
Busiro,Wakiso,Nsangi,Nsangi,Buwaali
Busiro,Wakiso,Nsangi,Nsangi,Kyambazi
Busiro,Wakiso,Nsangi,Nsangi,Nsangi (Mukono)
Busiro,Wakiso,Nsangi,Nsangi,Nsangi Gombolola Hq
Busiro,Wakiso,Nsangi,Nanziga,Katulaga
Busiro,Wakiso,Nsangi,Nanziga,Mawugulu
Busiro,Wakiso,Nsangi,Nanziga,Nanziga
Busiro,Wakiso,Nsangi,Katereke,Katereke
Busiro,Wakiso,Nsangi,Katereke,Nkonya
Busiro,Wakiso,Nsangi,Maya,Bujaasi
Busiro,Wakiso,Nsangi,Maya,Bukomye
Busiro,Wakiso,Ssisa,Ssisa Mumyuka A,Budanyeri
Busiro,Wakiso,Ssisa,Ssisa Mumyuka A,Kagga
Busiro,Wakiso,Ssisa,Ssisa Mumyuka A,Kagulu
Busiro,Wakiso,Ssisa,Ssisa Mumyuka A,Ssisa Sub County HQ
Busiro,Wakiso,Ssisa,Nakawuka,Katalemwa
Busiro,Wakiso,Ssisa,Nakawuka,Katwe
Busiro,Wakiso,Ssisa,Nakawuka,Mpummudde
Busiro,Wakiso,Ssisa,Nakawuka,Nakawuka (main road)
Busiro,Wakiso,Ssisa,Nakawuka,Nakawuka (inside)
Busiro,Wakiso,Ssisa,Nakawuka-Nsaggu,Bulabi/Nalubudde
Busiro,Wakiso,Ssisa,Nakawuka-Nsaggu,Nsaggu Central
Busiro,Wakiso,Ssisa,Nakawuka-Nsaggu,Butenga
Busiro,Wakiso,Ssisa,Ngogolo,Ssanda (Main road)
Busiro,Wakiso,Ssisa,Ngogolo,Ssanda (inside)
Busiro,Wakiso,Ssisa,Ngogolo,Buswa
Busiro,Wakiso,Ssisa,Kitende,Kitovu (Main road)
Busiro,Wakiso,Ssisa,Kitende,Kitovu (inside)
Busiro,Wakiso,Ssisa,Kitende,Lumuli
Busiro,Wakiso,Ssisa,Kitende,Makandwa
Busiro,Wakiso,Ssisa,Wamala,Lutaba
Busiro,Wakiso,Ssisa,Wamala,Zziru
Busiro,Wakiso,Ssisa,Ssisa,Kagulu
Busiro,Wakiso,Kasanje,Kasanje,Kasanje Gombolola Hq
Busiro,Wakiso,Kasanje,Kasanje,Buyege
Busiro,Wakiso,Kasanje,Sokolo,Sokolo
Busiro,Wakiso,Kasanje,Bulumbu,Bubebbere
Kyaggwe,Mukono,Kyampisi,Bulijjo,Bulijjo
Kyaggwe,Mukono,Kyampisi,Bulijjo,Bunyiri
Kyaggwe,Mukono,Kyampisi,Bulijjo,Kikaabya
Kyaggwe,Mukono,Kyampisi,Bulijjo,Kitanda
Kyaggwe,Mukono,Kyampisi,Bulijjo,Naalya
Kyaggwe,Mukono,Kyampisi,Bulijjo,Nabiyagi
Kyaggwe,Mukono,Kyampisi,Bulijjo,Nammere
Kyaggwe,Mukono,Kyampisi,Bulijjo,Nkonge
Kyaggwe,Mukono,Kyampisi,Kabembe,Kalebera 'A'
Kyaggwe,Mukono,Kyampisi,Kabembe,Kikandwa
Kyaggwe,Mukono,Kyampisi,Kabembe,Kiyunga
Kyaggwe,Mukono,Kyampisi,Kabembe,Namirembe
Kyaggwe,Mukono,Kyampisi,Kyabakadde,Bulimu
Kyaggwe,Mukono,Kyampisi,Kyabakadde,Kakoola
Kyaggwe,Mukono,Kyampisi,Kyabakadde,Kalagi (Town)
Kyaggwe,Mukono,Kyampisi,Kyabakadde,Kasala
Kyaggwe,Mukono,Kyampisi,Kyabakadde,Kyabakadde
Kyaggwe,Mukono,Kyampisi,Kyabakadde,Kyampisi
Kyaggwe,Mukono,Kyampisi,Kyabakadde,Namanganga
Kyaggwe,Mukono,Kyampisi,Kyabakadde,Nammengo
Kyaggwe,Mukono,Kyampisi,Kyabakadde,Nkonge
Kyaggwe,Mukono,Kyampisi,Ddundu,Ddundu
Kyaggwe,Mukono,Kyampisi,Ddundu,Kalagala
Kyaggwe,Mukono,Kyampisi,Ddundu,Kasaayi A
Kyaggwe,Mukono,Kyampisi,Ddundu,Kasaayi B
Kyaggwe,Mukono,Kyampisi,Ddundu,Kiryamuli
Kyaggwe,Mukono,Kyampisi,Ddundu,Buntaba
Kyaggwe,Mukono,Kyampisi,Ddundu,Bamutakude
Kyaggwe,Mukono,Kyampisi,Ddundu,Nakumbo
Kyaggwe,Mukono,Kyampisi,Ddundu,Namulaba
Kyaggwe,Mukono,Kyampisi,Ddundu,Musombwa
Kyaggwe,Mukono,Kyampisi,Ntonto,Luguzi
Kyaggwe,Mukono,Kyampisi,Ntonto,Lusanja
Kyaggwe,Mukono,Kyampisi,Katoogo,Nabitimpa
Kyaggwe,Mukono,Kyampisi,Katoogo,Ssamukka
Kyaggwe,Mukono,Kyampisi,Namubiru,Kikubankima
Kyaggwe,Mukono,Kyampisi,Namubiru,Lwanyonyi
Kyaggwe,Mukono,Kyampisi,Namubiru,Namubiru
Kyaggwe,Mukono,Kyampisi,Namubiru,Takajjunge
Kyaggwe,Mukono,Nakisunga,Nakisunga,Gombolola
Kyaggwe,Mukono,Nakisunga,Kyabalogo,Nakisunga
Kyaggwe,Mukono,Nakisunga,Kiyoola,Kiyoola
Kyaggwe,Mukono,Ntenjeru,Bugoye,Bugoye
Kyaggwe,Mukono,Ntenjeru,Bugoye,Bunyama
Kyaggwe,Mukono,Ntenjeru,Bugoye,Kabira
Kyaggwe,Mukono,Ntenjeru,Bugoye,Kiwafu Tea Estate
Kyaggwe,Mukono,Ntenjeru,Bugoye,Lweteega
Kyaggwe,Mukono,Ntenjeru,Bugoye,Mirembe
Kyaggwe,Mukono,Ntenjeru,Nsanja,Kalengera (Village)
Kyaggwe,Mukono,Ntenjeru,Nsanja,Kalengera T/C
Kyaggwe,Mukono,Ntenjeru,Nsanja,Katosi central
Kyaggwe,Mukono,Ntenjeru,Nsanja,Nsanja
Kyaggwe,Mukono,Ntenjeru,Nsanja,Kikuuta
Kyaggwe,Mukono,Ntenjeru,Nsanja,Bwanga
Kyaggwe,Mukono,Ntenjeru,Nsanja,Kizaala buganda
Kyaggwe,Mukono,Ntenjeru,Nsanja,Bugonge
Kyaggwe,Mukono,Ntenjeru,Nsanja,Gonve
Kyaggwe,Mukono,Ntenjeru,Nsanja,Kikoona
Kyaggwe,Mukono,Ntenjeru,Ssaayi,Kalagala
Kyaggwe,Mukono,Ntenjeru,Ssaayi,Nakibanga
Kyaggwe,Mukono,Ntenjeru,Ssaayi,Ssaayi
Kyaggwe,Mukono,Ntenjeru,Ssaayi,Kazo
Kyaggwe,Mukono,Ntenjeru,Ssaayi,Kituuza
Kyaggwe,Mukono,Ntenjeru,Ssaayi,Luute
Kyaggwe,Mukono,Ntenjeru,Ssaayi,Mavunikire
Kyaggwe,Mukono,Ntenjeru,Ssaayi,Maziba
Kyaggwe,Mukono,Ntenjeru,Ssaayi,Nakasuku
Kyaggwe,Mukono,Ntenjeru,Ssaayi,Ntumusi
Kyaggwe,Mukono,Ntenjeru,Ntanzi,Bugolombe
Kyaggwe,Mukono,Ntenjeru,Ntanzi,Kisoga 'A'
Kyaggwe,Mukono,Ntenjeru,Ntanzi,Kisoga 'B'
Kyaggwe,Mukono,Ntenjeru,Ntanzi,Kisoga Central
Kyaggwe,Mukono,Ntenjeru,Ntanzi,Kito-Kiganda
Kyaggwe,Mukono,Ntenjeru,Ntanzi,Luberenga
Kyaggwe,Mukono,Ntenjeru,Ntanzi,Luga-Kazinga
Kyaggwe,Mukono,Ntenjeru,Ntanzi,Lugga
Kyaggwe,Mukono,Ntenjeru,Ntanzi,Mpologoma
Kyaggwe,Mukono,Ntenjeru,Ntanzi,Mpumu
Kyaggwe,Mukono,Ntenjeru,Ntanzi,Namataba
Kyaggwe,Mukono,Ntenjeru,Ntanzi,Ntanzi/Mbajja
Kyaggwe,Mukono,Ntenjeru,Ntanzi,Ntenjeru
Kyaggwe,Mukono,Mpunge,Ngombere,Kagulu
Kyaggwe,Mukono,Mpunge,Ngombere,Kikubo
Kyaggwe,Mukono,Mpatta,Kabanga,Butere
Kyaggwe,Mukono,Mpatta,Kabanga,Ssugu - Lugala
Kyaggwe,Mukono,Mpatta,Kabanga,Gobero
Kyaggwe,Mukono,Mpatta,Kabanga,Kabanga
Kyaggwe,Mukono,Mpatta,Kabanga,Mukusu Island/ Buwunga
Kyaggwe,Mukono,Mpatta,Mpatta,Bukule
Kyaggwe,Mukono,Mpatta,Mpatta,Mpatta (Village)
Kyaggwe,Mukono,Mpatta,Mpatta,Mpatta (Town)
Kyaggwe,Mukono,Mpatta,Mpatta,Ntunda
Kyaggwe,Mukono,Mpatta,Mubanda,Kisinsi General
Kyaggwe,Mukono,Mpatta,Mubanda,Kisinsi near lake
Kyaggwe,Mukono,Mpatta,Mubanda,Busoke
Kyaggwe,Mukono,Mpatta,Mubanda,Buule
Kyaggwe,Mukono,Mpatta,Mubanda,Mubanda Lweza
Kyaggwe,Mukono,Mpatta,Mubanda,Lusaali
Kyaggwe,Mukono,Mpatta,Mubanda,Buzindeere
Kyaggwe,Mukono,Mpatta,Mubanda,Buzindere high end
Kyaggwe,Mukono,Kimenyedde,Bukasa,Bukasa
Kyaggwe,Mukono,Kimenyedde,Bukasa,Kawuku
Kyaggwe,Mukono,Kimenyedde,Bukasa,Kisoga
Kyaggwe,Mukono,Kimenyedde,Bukasa,Najja-Kireku
Kyaggwe,Mukono,Kimenyedde,Bukasa,Namakomo
Kyaggwe,Mukono,Kimenyedde,Kawongo,Kamira - Bukonero
Kyaggwe,Mukono,Kimenyedde,Kawongo,Kawongo
Kyaggwe,Mukono,Kimenyedde,Kawongo,Mayangayanga
Kyaggwe,Mukono,Kimenyedde,Kawongo,Nakibano
Kyaggwe,Mukono,Kimenyedde,Kawongo,Wabusanke
Kyaggwe,Mukono,Kimenyedde,Kawongo,Wanjeyo
Kyaggwe,Mukono,Kimenyedde,Kiwafu,Jumba - Genda
Kyaggwe,Mukono,Kimenyedde,Kiwafu,Kimenyedde
Kyaggwe,Mukono,Kimenyedde,Kiwafu,Kiwafu
Kyaggwe,Mukono,Kimenyedde,Kiwafu,Magonga - Ziranso
Kyaggwe,Mukono,Kimenyedde,Kiwafu,Nabukuku - Lubanja
Kyaggwe,Mukono,Kimenyedde,Kiwafu,Nabulooto
Kyaggwe,Mukono,Kimenyedde,Kiwafu,Zigulu
Kyaggwe,Mukono,Kimenyedde,Kiwafu,Nakigudo
Kyaggwe,Mukono,Kimenyedde,Namaliga,Busenya
Kyaggwe,Mukono,Kimenyedde,Namaliga,Ddiikwe
Kyaggwe,Mukono,Kimenyedde,Namaliga,Kaama - Kaganjo
Kyaggwe,Mukono,Kimenyedde,Namaliga,Nakifuma East
Kyaggwe,Mukono,Kimenyedde,Namaliga,Nakifuma West
Kyaggwe,Mukono,Kimenyedde,Namaliga,Namaliga
Kyaggwe,Mukono,Kimenyedde,Namaliga,Nekoyedde - Gayaza (Town)
Kyaggwe,Mukono,Kimenyedde,Nanga,Galigatya
Kyaggwe,Mukono,Kimenyedde,Nanga,Girinya
Kyaggwe,Mukono,Kimenyedde,Nanga,Kakakala
Kyaggwe,Mukono,Kimenyedde,Nanga,Kibiribiri
Kyaggwe,Mukono,Kimenyedde,Nanga,Kituba
Kyaggwe,Mukono,Kimenyedde,Nanga,Nabibugga
Kyaggwe,Mukono,Kimenyedde,Nanga,Kiyiribwa
Kyaggwe,Mukono,Kimenyedde,Nanga,Nanga
Kyaggwe,Mukono,Kimenyedde,Nanga,Ndwaddemutwe
Kyaggwe,Mukono,Nabbaale,Bamusuuta,Bamusuta I
Kyaggwe,Mukono,Nabbaale,Bamusuuta,Bamusuta II
Kyaggwe,Mukono,Nabbaale,Bamusuuta,Busabala
Kyaggwe,Mukono,Nabbaale,Bamusuuta,Kakakala
Kyaggwe,Mukono,Nabbaale,Bamusuuta,Kiyagi
Kyaggwe,Mukono,Nabbaale,Bamusuuta,Nalubabwe
Kyaggwe,Mukono,Nabbaale,Bamusuuta,Namyoya
Kyaggwe,Mukono,Nabbaale,Bamusuuta,Kayunga
Kyaggwe,Mukono,Nabbaale,Bamusuuta,Kyankima
Kyaggwe,Mukono,Nabbaale,Nabalanga,Kabawala (Village)
Kyaggwe,Mukono,Nabbaale,Nabalanga,Kabawala (Town)
Kyaggwe,Mukono,Nabbaale,Nabalanga,Kakinzi
Kyaggwe,Mukono,Nabbaale,Nabalanga,Lusanja
Kyaggwe,Mukono,Nabbaale,Nabalanga,Magoggo
Kyaggwe,Mukono,Nabbaale,Nabalanga,Nabalanga
Kyaggwe,Mukono,Nabbaale,Nabalanga,Nkulagirire
Kyaggwe,Mukono,Nabbaale,Naggalama,Gwendidde
Kyaggwe,Mukono,Nabbaale,Naggalama,Kalagi
Kyaggwe,Mukono,Nabbaale,Naggalama,Kazinga
Kyaggwe,Mukono,Nabbaale,Naggalama,Kiwangwa
Kyaggwe,Mukono,Nabbaale,Naggalama,Kiwebwa
Kyaggwe,Mukono,Nabbaale,Naggalama,Lutengo
Kyaggwe,Mukono,Nabbaale,Naggalama,Naggalama Mission
Kyaggwe,Mukono,Nabbaale,Naggalama,Naggalama Town
Kyaggwe,Mukono,Nabbaale,Naggalama,Wabikokoma
Kyaggwe,Mukono,Nabbaale,Nakanyonyi,Bukooza
Kyaggwe,Mukono,Nabbaale,Nakanyonyi,Buzirandulu
Kyaggwe,Mukono,Nabbaale,Nakanyonyi,Kijjo
Kyaggwe,Mukono,Nabbaale,Nakanyonyi,Kitto
Kyaggwe,Mukono,Nabbaale,Nakanyonyi,Lukyaamu
Kyaggwe,Mukono,Nabbaale,Nakanyonyi,Nakanyonyi I
Kyaggwe,Mukono,Nabbaale,Nakanyonyi,Nakanyonyi II
Kyaggwe,Mukono,Nabbaale,Nakanyonyi,Nakiwate
Kyaggwe,Mukono,Nabbaale,Nakanyonyi,Nenyodde
Kyaggwe,Mukono,Nabbaale,Nakanyonyi,Kirangira
Kyaggwe,Mukono,Nabbaale,Makukuba,Bugereka
Kyaggwe,Mukono,Nabbaale,Makukuba,Gonve
Kyaggwe,Mukono,Nabbaale,Makukuba,Kabulo
Kyaggwe,Mukono,Nabbaale,Makukuba,Kawoomya
Kyaggwe,Mukono,Nabbaale,Makukuba,Kiziima
Kyaggwe,Mukono,Nabbaale,Makukuba,Makukuba
Kyaggwe,Mukono,Nabbaale,Makukuba,Nabbaale I
Kyaggwe,Mukono,Nabbaale,Makukuba,Nabbaale II
Kyaggwe,Mukono,Nabbaale,Makukuba,Namasengere
Kyaggwe,Mukono,Nagojje,Kyajja,Kyajja
Kyaggwe,Mukono,Nagojje,Kyajja,Bukuku
Kyaggwe,Mukono,Nagojje,Kyajja,Bubiro
Kyaggwe,Mukono,Nagojje,Nakibano,Kasana
Kyaggwe,Mukono,Nagojje,Nakibano,Kyetume II
Kyaggwe,Mukono,Nagojje,Nakibano,Namasinda
Kyaggwe,Mukono,Nagojje,Nakibano,Nanfumba
Kyaggwe,Mukono,Nagojje,Nakibano,Mangira
Kyaggwe,Mukono,Goma Division,Misindye Ward,Goma - Misindye (Gombolola)
Kyaggwe,Mukono,Goma Division,Misindye Ward,Namyooya
Kyaggwe,Mukono,Goma Division,Nyenje Ward,Nyenje
Kyaggwe,Mukono,Goma Division,Nyenje Ward,Bajjo
Kyaggwe,Mukono,Goma Division,Nantabulirwa,Nantabulirwa
Kyaggwe,Mukono,Mukono Division,Nsuube/ Kauga .W,Bugujju
Kyaggwe,Mukono,Mukono Division,Nsuube/ Kauga .W,Mukono Hill
Kyaggwe,Mukono,Mukono Division,Nsuube/ Kauga .W,Upper Kauga
Kyaggwe,Mukono,Mukono Division,Nsuube/ Kauga .W,Kigunga
Kyaggwe,Mukono,Mukono Division,Nsuube/ Kauga .W,Maternity
Kyaggwe,Mukono,Mukono Division,Ntawo Ward,Butebe
Kyaggwe,Mukono,Mukono Division,Ntawo Ward,Gulama
Kyaggwe,Mukono,Mukono Division,Ntawo Ward,Gwafu
Kyaggwe,Mukono,Mukono Division,Ntawo Ward,Nakagabo
Kyaggwe,Mukono,Mukono Division,Ntawo Ward,Ntawo
Kyaggwe,Mukono,Mukono Division,Ggulu Ward,Ggulu 'A' (Upper end)
Kyaggwe,Mukono,Mukono Division,Ggulu Ward,Ggulu 'A' (Lower end)
Kyaggwe,Mukono,Mukono Division,Ggulu Ward,Hamu-Mukasa
Kyaggwe,Mukono,Mukono Division,Ggulu Ward,Kasangalabi
Kyaggwe,Mukono,Mukono Division,Ggulu Ward,Agip
Kyaggwe,Mukono,Mukono Division,Ggulu Ward,Kirangira
Kyaggwe,Mukono,Mukono Division,Ggulu Ward,Kitete
Kyaggwe,Mukono,Mukono Division,Ggulu Ward,Ssaza
Kyaggwe,Mukono,Nama,Kasenge,Kasenge A
Kyaggwe,Mukono,Nama,Kasenge,Kasenge B
Kyaggwe,Mukono,Koome Islands,Bugombe,Bugombe G/Hq
Kyaggwe,Mukono,Koome Islands,Bugombe,Bugazi
Kyaggwe,Mukono,Koome Islands,Mubembe,Batwala
Kyaggwe,Mukono,Koome Islands,Mubembe,Kalyambuzi
Kyaggwe,Mukono,Koome Islands,Mubembe,Nambu
Kyaggwe,Mukono,Koome Islands,Mubembe,Katolo
Kyaggwe,Mukono,Koome Islands,Mubembe,Kisu
Kyaggwe,Mukono,Koome Islands,Mubembe,Mubembe
Kyaggwe,Mukono,Koome Islands,Mubembe,Muwoma
Kyaggwe,Mukono,Koome Islands,Mubembe,Kakeeka
Kyaggwe,Mukono,Koome Islands,Mubembe,Kachanga
Kyaggwe,Mukono,Koome Islands,Mubembe,Nyanama
Kyaggwe,Mukono,Koome Islands,Mubembe,Damba Island
Bulemeezi,Luwero,Luwero Town Council,Kavule Ward,Kavule
Bulemeezi,Luwero,Luwero Town Council,Kavule Ward,Kakookolo
Bulemeezi,Luwero,Luwero Town Council,Kiwogozi Ward,Kalongo Miti
Bulemeezi,Luwero,Luwero Town Council,Kiwogozi Ward,Kasana Market
Bulemeezi,Luwero,Luwero Town Council,Kiwogozi Ward,Kiwogozi
Bulemeezi,Luwero,Luwero Town Council,Kiwogozi Ward,Mabaale
Bulemeezi,Luwero,Luwero Town Council,Luwero Central Ward,Katwe
Bulemeezi,Luwero,Luwero Town Council,Luwero Central Ward,Lumu
Bulemeezi,Luwero,Luwero Town Council,Luwero Central Ward,Muliro
Bulemeezi,Luwero,Luwero Town Council,Luwero South East Ward,Kalongo
Bulemeezi,Luwero,Luwero Town Council,Luwero South East Ward,Kiyenje
Bulemeezi,Luwero,Luwero Town Council,Luwero South East Ward,Kizito
Bulemeezi,Luwero,Luwero Town Council,Luwero South East Ward,Nakkazi
Bulemeezi,Luwero,Luwero Town Council,Luwero West Ward,Binyonyi
Bulemeezi,Luwero,Luwero Town Council,Luwero West Ward,Galuweero
Bulemeezi,Luwero,Luwero Town Council,Luwero West Ward,Kasoma
Bulemeezi,Luwero,Luwero Town Council,Kasana P.W.D Ward,Kikubajinja
Bulemeezi,Luwero,Luwero Town Council,Kasana P.W.D Ward,Mabanda
Bulemeezi,Luwero,Luwero Town Council,Kasana P.W.D Ward,Kasana PWD
Bulemeezi,Luwero,Luwero,Kasaala,Kasaala
Bulemeezi,Luwero,Luwero,Kasaala,Kyegombwa
Bulemeezi,Luwero,Luwero,Kasaala,Kyenvunze
Bulemeezi,Luwero,Luwero,Kasaala,Butuntumula
Bulemeezi,Luwero,Luwero,Kasaala,Katundu
Bulemeezi,Luwero,Luwero,Kagugo,Bunyaaka
Bulemeezi,Luwero,Luwero,Kagugo,Bunyeenye
Bulemeezi,Luwero,Luwero,Kagugo,Kagugo
Bulemeezi,Luwero,Luwero,Kagugo,Bukuma
Bulemeezi,Luwero,Luwero,Kagugo,Kyetume
Bulemeezi,Luwero,Luwero,Kagugo,Sakabusolo
Bulemeezi,Luwero,Luwero,Kagugo,Ddekabusa
Bulemeezi,Luwero,Luwero,Kabakeddi,Kabakedi
Bulemeezi,Luwero,Luwero,Kabakeddi,Kigavu
Bulemeezi,Luwero,Luwero,Kabakeddi,Kyeyagalire
Bulemeezi,Luwero,Luwero,Kabakeddi,Wakinoni
Bulemeezi,Luwero,Luwero,Kabakeddi,Lwogi
Bulemeezi,Luwero,Luwero,Kabakeddi,Nsanvu
Bulemeezi,Luwero,Luwero,Kabakeddi,Kibula
Bulemeezi,Luwero,Luwero,Kabakeddi,Nalongo
Bulemeezi,Luwero,Luwero,Kabakeddi,Nalyamagonja
Bulemeezi,Luwero,Luwero,Bwaziba,Kikerege
Bulemeezi,Luwero,Luwero,Bwaziba,Bwaziba
Bulemeezi,Luwero,Luwero,Bwaziba,Ndagga
Bulemeezi,Luwero,Luwero,Kigombe,Kibanvu
Bulemeezi,Luwero,Luwero,Kigombe,Kigombe
Bulemeezi,Luwero,Luwero,Kigombe,Mamuli A
Bulemeezi,Luwero,Luwero,Kigombe,Mamuli B
Bulemeezi,Luwero,Luwero,Kigombe,Bukoma
Bulemeezi,Luwero,Luwero,Bweyeyo,Nsaasi
Bulemeezi,Luwero,Luwero,Bweyeyo,Bweyeyo
Bulemeezi,Luwero,Luwero,Katugo,Balitta
Bulemeezi,Luwero,Luwero,Katugo,Bulanzi
Bulemeezi,Luwero,Luwero,Katugo,Katuugo
Bulemeezi,Luwero,Luwero,Katugo,Mulungi-Omu
Bulemeezi,Luwero,Luwero,Katugo,Kabaaga
Bulemeezi,Luwero,Luwero,Nakikoota,Bukasa
Bulemeezi,Luwero,Luwero,Nakikoota,Bukomba
Bulemeezi,Luwero,Luwero,Nakikoota,Kirangira
Bulemeezi,Luwero,Luwero,Nakikoota,Kiryangonza
Bulemeezi,Luwero,Luwero,Nakikoota,Nakikoota
Bulemeezi,Luwero,Luwero,Nakikoota,Nkoloogi
Bulemeezi,Luwero,Luwero,Kikube,Kikube
Bulemeezi,Luwero,Makulubita,Kagogo,Bowa
Bulemeezi,Luwero,Makulubita,Kagogo,Namyeso
Bulemeezi,Luwero,Makulubita,Kagogo,Semyungu- Kagogo
Bulemeezi,Luwero,Makulubita,Kagogo,Buligwe-Ntinda
Bulemeezi,Luwero,Makulubita,Kagogo,Namagala- Buggwe
Bulemeezi,Luwero,Makulubita,Kagogo,Nakalembeka
Bulemeezi,Luwero,Makulubita,Kalasa,Kabembe
Bulemeezi,Luwero,Makulubita,Kalasa,Kabira/Katiiti
Bulemeezi,Luwero,Makulubita,Kalasa,Kalasa
Bulemeezi,Luwero,Makulubita,Kalasa,Mugogo
Bulemeezi,Luwero,Makulubita,Makulubita,Kiduukulu
Bulemeezi,Luwero,Makulubita,Makulubita,Kikoko
Bulemeezi,Luwero,Makulubita,Makulubita,Makulubita A
Bulemeezi,Luwero,Makulubita,Makulubita,Makulubita B
Bulemeezi,Luwero,Makulubita,Makulubita,Nakikonge
Bulemeezi,Luwero,Makulubita,Makulubita,Kitwalanye
Bulemeezi,Luwero,Makulubita,Kanyanda,Kanyanda
Bulemeezi,Luwero,Makulubita,Kanyanda,Bulamba
Bulemeezi,Luwero,Makulubita,Kanyanda,Singo-Bukwese
Bulemeezi,Luwero,Makulubita,Kanyanda,Namakata
Bulemeezi,Luwero,Makulubita,Nsanvu,Kasizi
Bulemeezi,Luwero,Makulubita,Nsanvu,Mawu
Bulemeezi,Luwero,Makulubita,Nsanvu,Mulira
Bulemeezi,Luwero,Makulubita,Nsanvu,Namayamba
Bulemeezi,Luwero,Makulubita,Nsanvu,Wesune
Bulemeezi,Luwero,Makulubita,Waluleeta,Bakijjulula
Bulemeezi,Luwero,Makulubita,Waluleeta,Bowa-Kibira
Bulemeezi,Luwero,Makulubita,Waluleeta,Waluleeta G/Hq
Bulemeezi,Luwero,Makulubita,Waluleeta,Mpumudde
Bulemeezi,Luwero,Makulubita,Waluleeta,Bwetyaba
Bulemeezi,Luwero,Makulubita,Waluleeta,Kawagalo
Bulemeezi,Luwero,Makulubita,Waluleeta,Bugungu
Bulemeezi,Luwero,Butuntumula,Bukambagga,Bukambagga
Bulemeezi,Luwero,Butuntumula,Bukambagga,Katuumu
Bulemeezi,Luwero,Butuntumula,Bukambagga,Kito
Bulemeezi,Luwero,Butuntumula,Bukambagga,Lukyamu
Bulemeezi,Luwero,Butuntumula,Bukambagga,Lusenke
Bulemeezi,Luwero,Butuntumula,Kakabala,Gayaza
Bulemeezi,Luwero,Butuntumula,Kakabala,Kakabala
Bulemeezi,Luwero,Butuntumula,Kakabala,Kakiinzi- Kakoola
Bulemeezi,Luwero,Butuntumula,Kakabala,Kakiinzi- Lugagala
Bulemeezi,Luwero,Butuntumula,Kakabala,Nalongo
Bulemeezi,Luwero,Butuntumula,Kakabala,Vvumba
Bulemeezi,Luwero,Butuntumula,Kakabala,Yandwe
Bulemeezi,Luwero,Butuntumula,Kakinzi,Kibikke
Bulemeezi,Luwero,Butuntumula,Kalwanga,Kaaya Farm/ Kitabula
Bulemeezi,Luwero,Butuntumula,Kalwanga,Kagalama
Bulemeezi,Luwero,Butuntumula,Kalwanga,Lukiizi
Bulemeezi,Luwero,Butuntumula,Kalwanga,Nabigoza
Bulemeezi,Luwero,Butuntumula,Kyawangabi,Kateera
Bulemeezi,Luwero,Butuntumula,Kyawangabi,Kyawangabi
Bulemeezi,Luwero,Butuntumula,Kyawangabi,Lutuula
Bulemeezi,Luwero,Butuntumula,Kyawangabi,Muwangi
Bulemeezi,Luwero,Butuntumula,Kyawangabi,Nabutaka
Bulemeezi,Luwero,Butuntumula,Kyawangabi,Nakakono
Bulemeezi,Luwero,Butuntumula,Kyawangabi,Naluvule
Bulemeezi,Luwero,Butuntumula,Kyawangabi,Nansaka
Bulemeezi,Luwero,Butuntumula,Bamugolodde,Bamugolodde
Bulemeezi,Luwero,Butuntumula,Bamugolodde,Genda
Bulemeezi,Luwero,Butuntumula,Bamugolodde,Gweyawadde
Bulemeezi,Luwero,Butuntumula,Bamugolodde,Kakuuto
Bulemeezi,Luwero,Butuntumula,Bamugolodde,Kasiiso
Bulemeezi,Luwero,Butuntumula,Bamugolodde,Kazinga
Bulemeezi,Luwero,Butuntumula,Bamugolodde,Kikunyu
Bulemeezi,Luwero,Butuntumula,Bamugolodde,Lumonde
Bulemeezi,Luwero,Butuntumula,Bamugolodde,Manya
Bulemeezi,Luwero,Butuntumula,Ngogolo,Bukusu
Bulemeezi,Luwero,Butuntumula,Ngogolo,Butuntumula G/Hq
Bulemeezi,Luwero,Butuntumula,Ngogolo,Kiiya
Bulemeezi,Luwero,Butuntumula,Ngogolo,Ngogolo
Bulemeezi,Luwero,Butuntumula,Ngogolo,Nsenge
Bulemeezi,Luwero,Butuntumula,Ngogolo,Wanonda
Bulemeezi,Luwero,Butuntumula,Ngogolo,Kasaala
Bulemeezi,Luwero,Bamunanika,Kibanyi,Kibanyi
Bulemeezi,Luwero,Bamunanika,Kibanyi,Giriyada
Bulemeezi,Luwero,Bamunanika,Kibanyi,Kalwe
Bulemeezi,Luwero,Bamunanika,Kibanyi,Kanjuki
Bulemeezi,Luwero,Bamunanika,Kibanyi,Kidolindo
Bulemeezi,Luwero,Bamunanika,Kibanyi,Kawuku
Bulemeezi,Luwero,Bamunanika,Kibanyi,Kyanika
Bulemeezi,Luwero,Bamunanika,Kibanyi,Bugabo
Bulemeezi,Luwero,Bamunanika,Kibirizi,Kalagala
Bulemeezi,Luwero,Bamunanika,Kibirizi,Gavu
Bulemeezi,Luwero,Bamunanika,Kibirizi,Kibirizi
Bulemeezi,Luwero,Bamunanika,Kibirizi,Kibibi
Bulemeezi,Luwero,Bamunanika,Kibirizi,Nkuluze
Bulemeezi,Luwero,Bamunanika,Kibirizi,Kisanga
Bulemeezi,Luwero,Bamunanika,Kibirizi,Busambu
Bulemeezi,Luwero,Bamunanika,Kibirizi,Nkokonjeru
Bulemeezi,Luwero,Bamunanika,Kyampisi,Kasenene
Bulemeezi,Luwero,Bamunanika,Kyampisi,Kanseka G/Hq
Bulemeezi,Luwero,Bamunanika,Kyampisi,Ndyalumu
Bulemeezi,Luwero,Bamunanika,Kyampisi,Kakira
Bulemeezi,Luwero,Bamunanika,Kyampisi,Bbuto
Bulemeezi,Luwero,Bamunanika,Kyampisi,Luteete
Bulemeezi,Luwero,Bamunanika,Kyampisi,Kisaku
Bulemeezi,Luwero,Bamunanika,Kyampisi,Kikaabya
Bulemeezi,Luwero,Bamunanika,Kyampisi,Magogo
Bulemeezi,Luwero,Bamunanika,Kyampisi,Muyenga
Bulemeezi,Luwero,Bamunanika,Mpologoma,Mpologoma
Bulemeezi,Luwero,Bamunanika,Mpologoma,Mityebiri
Bulemeezi,Luwero,Bamunanika,Mpologoma,Kangulumira
Bulemeezi,Luwero,Bamunanika,Mpologoma,Mpungu
Bulemeezi,Luwero,Bamunanika,Sekamuli,Sekamuli
Bulemeezi,Luwero,Bamunanika,Sekamuli,Namakofu
Bulemeezi,Luwero,Bamunanika,Kiteme,Kiteme
Bulemeezi,Luwero,Bamunanika,Kiteme,Kyotamugavu
Bulemeezi,Luwero,Bamunanika,Kiteme,Butalyamisana
Bulemeezi,Luwero,Bamunanika,Kiteme,Bukesa
Bulemeezi,Luwero,Bamunanika,Kiteme,Nalweweta
Bulemeezi,Luwero,Bamunanika,Kiteme,Buwanuka
Bulemeezi,Luwero,Bamunanika,Kiteme,Buweka
Bulemeezi,Luwero,Bamunanika,Kiteme,Kasolo-Buddu
Bulemeezi,Luwero,Bamunanika,Kiteme,Kikonda
Bulemeezi,Luwero,Bamunanika,Kiteme,Kasolo- Kitobola
Bulemeezi,Luwero,Bamunanika,Kiteme,Kivule
Bulemeezi,Luwero,Bamunanika,Kiteme,Kiwebya
Bulemeezi,Luwero,Bamunanika,Kiteme,Nalongo
Bulemeezi,Luwero,Wobulenzi Town Council,Katikamu Ward,Kasenene
Bulemeezi,Luwero,Wobulenzi Town Council,Katikamu Ward,Lutamu
Bulemeezi,Luwero,Katikamu,Kikoma,Bukalasa
Bulemeezi,Luwero,Katikamu,Kikoma,Kibikke
Bulemeezi,Luwero,Zirobwe,Kakakala,Zirobwe Trading Center
Bulemeezi,Luwero,Zirobwe,Kakakala,Kakakala
Bulemeezi,Luwero,Zirobwe,Kakakala,Kyambogo
Bulemeezi,Luwero,Zirobwe,Kakakala,Natyaba
Bulemeezi,Luwero,Zirobwe,Kakakala,Wakataayi
Bulemeezi,Luwero,Zirobwe,Bukimu,Bukimu
Bulemeezi,Luwero,Zirobwe,Bukimu,Kasokoso
Bulemeezi,Luwero,Zirobwe,Bukimu,Kisula
Bulemeezi,Luwero,Zirobwe,Bubuubi,Kabuwomero
Bulemeezi,Luwero,Zirobwe,Bubuubi,Nabiteete
Bulemeezi,Luwero,Zirobwe,Kabulanaka,Janda
Bulemeezi,Luwero,Zirobwe,Nakigoza,Namatovu
Bulemeezi,Luwero,Zirobwe,Nakigoza,Baagya
Bulemeezi,Luwero,Zirobwe,Nakigoza,Ndalike
Bulemeezi,Luwero,Zirobwe,Ngalonkalu,Buyiki
Bulemeezi,Luwero,Zirobwe,Nambi,Kasambya
Bulemeezi,Luwero,Kamira,Kabunyata,Kabunyata
Bulemeezi,Luwero,Kamira,Kabunyata,Kiiso
Bulemeezi,Luwero,Kamira,Kabunyata,Matembe
Bulemeezi,Luwero,Kamira,Kabunyata,Kidula
Bulemeezi,Luwero,Kamira,Kaswa,Kamira
Bulemeezi,Luwero,Kamira,Mazzi,Kabukunga
Bulemeezi,Luwero,Kamira,Mazzi,Kakira-Kibanga
Bulemeezi,Luwero,Kamira,Mazzi,Mazzi
Bulemeezi,Luwero,Kamira,Mazzi,Nabinaka
Bulemeezi,Luwero,Kamira,Mazzi,Kirimantungo
Bulemeezi,Luwero,Kamira,Kataggwe,Wanfufu
Bulemeezi,Luwero,Kikyusa,Wabusana,Wabusaana
Bulemeezi,Luwero,Kikyusa,Kibengo,Lukowe
Bulemeezi,Luwero,Kalagala,Kamira,Bunsule
Bulemeezi,Luwero,Kalagala,Kamira,Lukyamu
Bulemeezi,Luwero,Kalagala,Kalanamu,Kalungu
Bulemeezi,Luwero,Kalagala,Kayindu,Kalagala
Bulemeezi,Luwero,Kalagala,Kayindu,Nabiteete
Bulemeezi,Luwero,Kalagala,Kayindu,Kiyunga
Bulemeezi,Luwero,Kalagala,Kayindu,Wampeewo
Bulemeezi,Luwero,Bombo Town Council,Nkokonjeru,Kabulanaka East
Bulemeezi,Luwero,Bombo Town Council,Nkokonjeru,Kabulanaka West
Bulemeezi,Luwero,Bombo Town Council,Lomule Ward,Lomule
Bulemeezi,Luwero,Nyimbwa,Nakatonya,Mayirikiti
Bulemeezi,Luwero,Nyimbwa,Nakatonya,Gogonya
Bulemeezi,Luwero,Nyimbwa,Nakatonya,Bembe
Bulemeezi,Luwero,Nyimbwa,Ssambwe,Kiyana
Bulemeezi,Nakaseke,Kaasangombe,Mpwedde,Mpwedde
Bulemeezi,Nakaseke,Kaasangombe,Mpwedde,Kifunfugu
Bulemeezi,Nakaseke,Kaasangombe,Nakaseeta,Nakaseeta
Bulemeezi,Nakaseke,Kaasangombe,Nakaseeta,Kikuumango
Bulemeezi,Nakaseke,Kaasangombe,Nakaseeta,Lukabala
Bulemeezi,Nakaseke,Kaasangombe,Nakaseeta,Kibaale
Bulemeezi,Nakaseke,Kaasangombe,Nakaseeta,Kasambya
Bulemeezi,Nakaseke,Nakaseke Town Council,Nakaseke Central Ward,Nakaseke Hospital
Bulemeezi,Nakaseke,Nakaseke Town Council,Nakaseke Central Ward,Nakaseke Ssaza
Bulemeezi,Nakaseke,Nakaseke,Kyamutakasa,Nabiika
Bulemeezi,Nakaseke,Nakaseke,Kyamutakasa,Kazinga
Bulemeezi,Nakaseke,Nakaseke,Kyamutakasa,Kasagga
Bulemeezi,Nakaseke,Nakaseke,Bulwadda,Nakigulube
Bulemeezi,Nakaseke,Nakaseke,Bulwadda,Bulwadda
Bulemeezi,Nakaseke,Kitto,Kitto,Kakoola
Bulemeezi,Nakaseke,Kitto,Kitto,Kijeebejo
Bulemeezi,Nakaseke,Kitto,Kitto,Kitto
Bulemeezi,Nakaseke,Kitto,Kitto,Lusanja
Bulemeezi,Nakaseke,Kitto,Kitto,Namakata
Bulemeezi,Nakaseke,Kitto,Kitto,Wakataama
Bulemeezi,Nakaseke,Kitto,Kitto,Kasagazi
Bulemeezi,Nakaseke,Kitto,Kitto,Wandegeya
Bulemeezi,Nakaseke,Ngoma,Ngoma,Ngoma  Town Council
Bulemeezi,Nakaseke,Kikamulo,Luteete,Bugema
Bulemeezi,Nakaseke,Kikamulo,Magoma,Kikamulo G/Hq
Bulemeezi,Nakaseke,Kikamulo,Kapeke,Kireta
Bulemeezi,Nakaseke,Kikamulo,Kapeke,Butuuti
Bulemeezi,Nakaseke,Kikamulo,Kamuli,Kamuli
Bulemeezi,Nakaseke,Kapeeka,Kapeeka,Kapeeka
Bulemeezi,Nakaseke,Kapeeka,Kalagala,Nkumala
Bulemeezi,Nakaseke,Kapeeka,Kalagala,Kasiribiti
Bulemeezi,Nakaseke,Kapeeka,Kalagala,Kalagala A
Bulemeezi,Nakaseke,Kapeeka,Kalagala,Kalagala B
Bulemeezi,Nakaseke,Kapeeka,Namusaale,Bukusu
Bulemeezi,Nakaseke,Kapeeka,Kisimula,Kasiga
Bulemeezi,Nakaseke,Semuto,Migingye,Nakulamudde
Bulemeezi,Nakaseke,Semuto,Migingye,Nambeya
Bulemeezi,Nakaseke,Semuto,Migingye,Nakkazi
Bulemeezi,Nakaseke,Semuto,Migingye,Kirinnya
Bulemeezi,Nakaseke,Semuto,Segalya,Lukumbi
Bulemeezi,Nakaseke,Semuto,Segalya,Kalege
Bulemeezi,Nakaseke,Semuto,Segalya,Nvunanwa
Bulemeezi,Nakaseke,Semuto,Kisega,Kikubampanga
Bulemeezi,Nakaseke,Semuto,Kisega,Kakonda
Bulemeezi,Nakaseke,Semuto,Kilema,Bulema
Bulemeezi,Nakaseke,Semuto,Kilema,Kkufu
Bulemeezi,Nakaseke,Semuto,Kilema,Kilema
Bulemeezi,Nakaseke,Semuto,Kilema,Bukakala
Bulemeezi,Nakaseke,Semuto,Kilema,Kawomya
Bulemeezi,Nakaseke,Semuto,Kilema,Namirembe
Bulemeezi,Nakaseke,Semuto Town Council,Health Center Ward,Semuto Health Center
Bulemeezi,Nakaseke,Semuto Town Council,Katale Ward,Nkuzongere
Bulemeezi,Nakaseke,Semuto Town Council,Katale Ward,Najjoki
Bulemeezi,Nakaseke,Semuto Town Council,Transformer Ward,Kikondo
Bulemeezi,Nakaseke,Semuto Town Council,Posta Ward,Kimegeredde
Bulemeezi,Nakaseke,Semuto Town Council,Posta Ward,Wakikookoma
Bulemeezi,Nakaseke,Semuto Town Council,Lule Ward,Lule
Bulemeezi,Nakaseke,Wakyato,Mijumwa,Mityomere
Bulemeezi,Nakaseke,Wakyato,Kisoga,Kisoga
Bulemeezi,Nakaseke,Wakyato,Kisoga,Bwerampindi
Bulemeezi,Nakaseke,Wakyato,Kisoga,Kayunga
Bulemeezi,Nakaseke,Wakyato,Kirinda,Kirinda
Bulemeezi,Nakaseke,Wakyato,Kalagala,Kalagala
Bulemeezi,Nakaseke,Kisoga,Nakonge,Wakyato
Buruuli,Nakaseke,Butalangu Town Council,Kyanya Ward,Muwaluzi
Buruuli,Nakasongola,Kakooge,Kakooge,Kakooge Trading Center
Buruuli,Nakasongola,Kakooge,Kakooge,Kakooge (Kyaalo)
Buruuli,Nakasongola,Kakooge,Kakooge,Kinywansande
Buruuli,Nakasongola,Kakooge,Kakooge,Kazzi
Buruuli,Nakasongola,Kakooge,Kakooge,Kirowooza
Buruuli,Nakasongola,Kakooge,Kakooge,Kyamasanda
Buruuli,Nakasongola,Kakooge,Kakooge,Mulungi Omu
Buruuli,Nakasongola,Kakooge,Kakooge,Nakaseeta
Buruuli,Nakasongola,Kakooge,Kakooge,Namunsaala
Buruuli,Nakasongola,Kakooge,Kakooge,Kabaale
Buruuli,Nakasongola,Nakasongola Town Council,Nakasongola West ward,Kalikoma
Buruuli,Nakasongola,Nakasongola Town Council,Nakasongola West ward,Kibira
Buruuli,Nakasongola,Nakasongola Town Council,Nakasongola West ward,Sungira
Buruuli,Nakasongola,Nakasongola Town Council,Nakasongola West ward,Wabbale
Buruuli,Nakasongola,Nakasongola Town Council,Nakasongola West ward,Wankati
Buruuli,Nakasongola,Nakasongola Town Council,Nakasongola East ward,Wabinyonyi
Buruuli,Nakasongola,Nakasongola Town Council,Nakasongola Central Ward,Buruli quarter
Buruuli,Nakasongola,Nakasongola Town Council,Nakasongola Central Ward,Nakasongola
Buruuli,Nakasongola,Nakasongola Town Council,Nakasongola Central Ward,Wakibombo
Buruuli,Nakasongola,Kalungi,Wanzogi,Iremya
Buruuli,Nakasongola,Kalungi,Wanzogi,Kabbandi
Buruuli,Nakasongola,Kalungi,Wanzogi,Kalungi
Buruuli,Nakasongola,Kalungi,Wanzogi,Kanyonyi
Buruuli,Nakasongola,Kalungi,Wanzogi,Katuugo
Buruuli,Nakasongola,Kalungi,Wanzogi,Kawondwe
Buruuli,Nakasongola,Kalungi,Wanzogi,Wanzogi
Buruuli,Nakasongola,Nabiswera,Kyangogolo,Kalubanga
Buruuli,Nakasongola,Nabiswera,Kyangogolo,Kanyonyi
Buruuli,Nakasongola,Nabiswera,Kyangogolo,Kyadobo
Buruuli,Nakasongola,Nabiswera,Kyangogolo,Kyangogolo
Buruuli,Nakasongola,Nabiswera,Kyangogolo,Matuugo
Buruuli,Nakasongola,Nabiswera,Kyangogolo,Nabiswera
Buruuli,Nakasongola,Nabiswera,Kyangogolo,Nakakoola
Buruuli,Nakasongola,Nabiswera,Kyangogolo,Namakukulu
Buruuli,Nakasongola,Lwampanga,Lwampanga,Kabasombwa
Buruuli,Nakasongola,Lwampanga,Lwampanga,Kisenyi
Buruuli,Nakasongola,Lwampanga,Lwampanga,Lwampanga
Buruuli,Nakasongola,Lwampanga,Lwampanga,Mbaari
Buruuli,Nakasongola,Lwampanga,Lwampanga,Nakalikiirya
Buruuli,Nakasongola,Lwampanga,Zengebe,Zengebe
Buruuli,Nakasongola,Lwampanga,Kasaalizi,Kigingo
Buruuli,Nakasongola,Lwampanga,Kasaalizi,Kikaraganya
Buruuli,Nakasongola,Lwampanga,Kasaalizi,Kimole
Buruuli,Nakasongola,Lwampanga,Kasaalizi,Kasaalizi
Buruuli,Nakasongola,Lwampanga,Kasaalizi,Kyawaikata
Buruuli,Nakasongola,Lwampanga,Kasaalizi,Kyebisire
Buruuli,Nakasongola,Nakitoma,Bujjabe,Bugaramwa
Buruuli,Nakasongola,Nakitoma,Bujjabe,Bujjabe
Buruuli,Nakasongola,Nakitoma,Bujjabe,Kaikanga
Buruuli,Nakasongola,Nakitoma,Bujjabe,Kikooba
Buruuli,Nakasongola,Nakitoma,Bujjabe,Kyani-Kafo
Buruuli,Nakasongola,Nakitoma,Bujjabe,Nakitoma
Buruuli,Nakasongola,Nakitoma,Bujjabe,Wangoiro
Buruuli,Nakasongola,Lwabiyata,Kansira,Kansiira
Buruuli,Nakasongola,Lwabiyata,Kansira,Kaduba
Buruuli,Nakasongola,Lwabiyata,Kansira,Mpumwire
Buruuli,Nakasongola,Lwabiyata,Kansira,Podya
Buruuli,Nakasongola,Lwabiyata,Kansira,Soweto
Buruuli,Nakasongola,Lwabiyata,Kansira,Kalinda
Buruuli,Nakasongola,Lwabiyata,Namiika,Gaaba
Buruuli,Nakasongola,Lwabiyata,Namiika,Wabusaana
Buruuli,Nakasongola,Lwabiyata,Namiika,Kyambogo
Buruuli,Nakasongola,Lwabiyata,Namiika,Kyankanga
Buruuli,Nakasongola,Lwabiyata,Namiika,Namiika
Buruuli,Nakasongola,Lwabiyata,Nalukonge,Kiteredde
Buruuli,Nakasongola,Lwabiyata,Nalukonge,Rwabyata
Buruuli,Nakasongola,Lwabiyata,Nalukonge,Rwanjuki
Buruuli,Nakasongola,Lwabiyata,Nalukonge,Mpabye
Buruuli,Nakasongola,Lwabiyata,Nalukonge,Nalukonge
Buruuli,Nakasongola,Lwabiyata,Nalukonge,Nalulongo
Buruuli,Nakasongola,Lwabiyata,Nalukonge,Ntagaara
Buruuli,Nakasongola,Lwabiyata,Nalukonge,Tumba
Buruuli,Nakasongola,Lwabiyata,Nalukonge,Kamuli
Buruuli,Nakasongola,Lwabiyata,Kikooge,Kikooge
Buruuli,Nakasongola,Lwabiyata,Kikooge,Kikuuta
Buruuli,Nakasongola,Lwabiyata,Kikooge,Ndaiga
Buruuli,Nakasongola,Lwabiyata,Kikooge,Wangoma
Buruuli,Nakasongola,Lwabiyata,Nakayonza,Kaganja
Buruuli,Nakasongola,Lwabiyata,Nakayonza,Kirenge
Buruuli,Nakasongola,Lwabiyata,Nakayonza,Nakayonza
Buruuli,Nakasongola,Lwabiyata,Nakayonza,Namaato
Buruuli,Nakasongola,Kalungi,Kazwama,Kazwama
Buruuli,Nakasongola,Kalongo,Bamugolode,Bamugolode
Buruuli,Nakasongola,Kalongo,Bamugolode,Kiranga
Buruuli,Nakasongola,Kalongo,Bamugolode,Namalinda
Buruuli,Nakasongola,Kalongo,Kisweera Mayinda,Kakoola
Buruuli,Nakasongola,Kalongo,Kisweera Mayinda,Kaleire
Buruuli,Nakasongola,Kalongo,Kisweera Mayinda,Katuugo
Buruuli,Nakasongola,Kalongo,Kisweera Mayinda,Kisozi
Buruuli,Nakasongola,Kalongo,Kisweera Mayinda,Kiswera- mayinda
Buruuli,Nakasongola,Kalongo,Kisweera Mayinda,Nakinyama
Mawokota,Mpigi,Kammengo,Butoolo,Buwe
Mawokota,Mpigi,Kammengo,Butoolo,Butoro Ssaza
Mawokota,Mpigi,Kammengo,Butoolo,Makumbi
Mawokota,Mpigi,Kammengo,Butoolo,Njeru
Mawokota,Mpigi,Kammengo,Butoolo,Ddera
Mawokota,Mpigi,Kammengo,Butoolo,Ssenero
Mawokota,Mpigi,Kammengo,Butoolo,Kiryambidde
Mawokota,Mpigi,Kammengo,Butoolo,Nsasa
Mawokota,Mpigi,Kammengo,Butoolo,Kamusogonya
Mawokota,Mpigi,Kammengo,Kammengo,Nabbuzi
Mawokota,Mpigi,Kammengo,Kammengo,Kammengo
Mawokota,Mpigi,Kammengo,Musa,Musa
Mawokota,Mpigi,Kammengo,Musa,Sserinyabbi
Mawokota,Mpigi,Kammengo,Musa,Bukagolo
Mawokota,Mpigi,Kammengo,Musa,Mayirikiti
Mawokota,Mpigi,Kammengo,Musa,Masaazi
Mawokota,Mpigi,Kiringente,Kiringente,Kiringente (Gombolola Hq)
Mawokota,Mpigi,Mpigi Town Council,Bumoozi Ward,Bumoozi
Mawokota,Mpigi,Mpigi Town Council,Kafumu Ward,Kafumu
Mawokota,Mpigi,Mpigi Town Council,Kafumu Ward,Kitaanulwa
Mawokota,Mpigi,Mpigi Town Council,Kkonkoma Ward,Kkonkoma
Mawokota,Mpigi,Mpigi Town Council,Maziba Ward,Namulamuzi/ Bume
Mawokota,Mpigi,Mpigi Town Council,Ward D,Mayembe Lower
Mawokota,Mpigi,Mpigi Town Council,Ward D,Mayembe Upper
Mawokota,Mpigi,Mpigi Town Council,Ward D,Prison Centre
Mawokota,Mpigi,Muduuma,Jjeza,Jjeza
Mawokota,Mpigi,Muduuma,Tiribogo,Tiribogo
Mawokota,Mpigi,Muduuma,Tiribogo,Ggalabi
Mawokota,Mpigi,Muduuma,Tiribogo,Kiziiko
Mawokota,Mpigi,Muduuma,Malima,Muduuma (Gombolola Hq)
Mawokota,Mpigi,Buwama,Jalamba,Jalamba (Trading Centre)
Mawokota,Mpigi,Buwama,Jalamba,Jalamba (Village)
Mawokota,Mpigi,Buwama,Bunjako,Buzaami
Mawokota,Mpigi,Buwama,Lubugumu,Lubugumu
Mawokota,Mpigi,Buwama,Mbizinya,Buwama (Gombolola Head Quarter)
Mawokota,Mpigi,Buwama,Nabiteete,Nabiteete
Mawokota,Mpigi,Kituntu,Bukemba,Bukemba
Mawokota,Mpigi,Kituntu,Migamba,Migamba
Mawokota,Mpigi,Kituntu,Kasozi,Kituntu (Gombolola Hq)
Mawokota,Mpigi,Kituntu,Kasozi,Kituntu (Village)
Mawokota,Mpigi,Kituntu,Kasozi,Kasozi
Mawokota,Mpigi,Nkozi,Busese,Nkozi (Gombolola Hq)
Mawokota,Mpigi,Nkozi,Busese,Nakibanga
Mawokota,Mpigi,Nkozi,Busese,Nundu
Mawokota,Mpigi,Nkozi,Busese,Kitosi
Mawokota,Mpigi,Nkozi,Busese,Busese
Butambala,Butambala,Budde,Kyabadaza,Kabuye - Bumbu
Butambala,Butambala,Budde,Kyabadaza,Kiyonsa/Budde
Butambala,Butambala,Budde,Kyabadaza,Kyabadaza
Butambala,Butambala,Budde,Kyabadaza,Lusanja/Bajjo
Butambala,Butambala,Budde,Gwatiro,Butaayi
Butambala,Butambala,Budde,Gwatiro,Gwatiro Central
Butambala,Butambala,Budde,Gwatiro,Kaweeri Kidinda
Butambala,Butambala,Budde,Kibugga,Buligi
Butambala,Butambala,Budde,Kibugga,Bunyeenye
Butambala,Butambala,Budde,Kibugga,Kasamba
Butambala,Butambala,Budde,Kibugga,Kibugga A
Butambala,Butambala,Budde,Kibugga,Kibugga B
Butambala,Butambala,Budde,Lugala,Lugala Kajjolo
Butambala,Butambala,Budde,Lugala,Lugala Central
Butambala,Butambala,Budde,Lugala,Ngandwe
Butambala,Butambala,Budde,Lugala,Lugala
Butambala,Butambala,Budde,Lugala,Namilyango
Butambala,Butambala,Budde,Lugala,Kyetotogolo
Butambala,Butambala,Budde,Lugala,Namilyango- Kibooba
Butambala,Butambala,Budde,Kibugga,Kakere
Butambala,Butambala,Budde,Kibugga,Kiyinja
Butambala,Butambala,Budde,Gwatiro,Butajja
Butambala,Butambala,Budde,Gwatiro,Makulungo
Butambala,Butambala,Budde,Bule,Bule A
Butambala,Butambala,Budde,Bule,Bwamulamira/B Ule B
Butambala,Butambala,Bulo,Bule,Kifampa A
Butambala,Butambala,Bulo,Bule,Kisongoza/Kifa Mpa B
Butambala,Butambala,Bulo,Bulo,Bulo (Town)
Butambala,Butambala,Bulo,Bulo,Bulo (Village)
Butambala,Butambala,Bulo,Bulo,Kaalo
Butambala,Butambala,Bulo,Bulo,Bwaala
Butambala,Butambala,Bulo,Bulo,Waduduma
Butambala,Butambala,Bulo,Butawuka,Butawuka
Butambala,Butambala,Bulo,Butawuka,Kankeesa
Butambala,Butambala,Bulo,Butawuka,Kimbejja
Butambala,Butambala,Bulo,Butawuka,Nawango/Nkan Ago
Butambala,Butambala,Bulo,Butawuka,Ndeese
Butambala,Butambala,Bulo,Kyerima,Kasoso
Butambala,Butambala,Bulo,Kyerima,Kyerima
Butambala,Butambala,Bulo,Kyerima,Mayungwe
Butambala,Butambala,Bulo,Kyerima,Misindye Kikikira
Butambala,Butambala,Bulo,Nakatooke,Kasekere - Bbya
Butambala,Butambala,Bulo,Nakatooke,Kito
Butambala,Butambala,Bulo,Nakatooke,Seeta/Nakatooke (Trading Centre)
Butambala,Butambala,Bulo,Nakatooke,Seeta/Nakatooke (Village)
Butambala,Butambala,Kalamba,Bweya(Sseta),Lukalu A
Butambala,Butambala,Kalamba,Bweya(Sseta),Kinawa
Butambala,Butambala,Kalamba,Kabasanda,Kalamba (Gombolola)
Butambala,Butambala,Kalamba,Kabasanda,Kalamba (Village)
Butambala,Butambala,Kalamba,Kabasanda,Kabasanda (Saza)
Butambala,Butambala,Kalamba,Kabasanda,Kagulwe
Butambala,Butambala,Kalamba,Kabasanda,Bulugu
Butambala,Butambala,Kalamba,Kitimba,Kakonge
Butambala,Butambala,Kalamba,Kitimba,Mpanga
Butambala,Butambala,Kibibi,Kibibi,Kikumbo
Butambala,Butambala,Kibibi,Kibibi,Kibibi (Gombolola Headquarter)
Butambala,Butambala,Kibibi,Katabira,Kabalamba
Butambala,Butambala,Kibibi,Katabira,Kweezi
Butambala,Butambala,Ngando,Bukesa,Bugobango
Butambala,Butambala,Ngando,Kasozi,Ngando (Gombolola Hq)
Butambala,Butambala,Ngando,Butende,Butende
Butambala,Butambala,Ngando,Kibibi,Lukalu
Butambala,Butambala,Ngando,Lugali,Lugali
Butambala,Butambala,Gombe Town Council,Ntolomwe Ward,Kyanajanja A
Butambala,Butambala,Gombe Town Council,Ntolomwe Ward,Kyangoma
Butambala,Butambala,Gombe Town Council,Ntolomwe Ward,Ntolomwe
Butambala,Butambala,Gombe Town Council,Gombe Ward,Gombe S.S.S
Butambala,Butambala,Gombe Town Council,Gombe Ward,Gombe Hospital
Gomba,Gomba,Kabulasoke,Bukandula,Bukandula (Town)
Gomba,Gomba,Kabulasoke,Bukandula,Bukandula (Village)
Gomba,Gomba,Kabulasoke,Bukandula,Kandegeya
Gomba,Gomba,Kabulasoke,Bukandula,Kiggo
Gomba,Gomba,Kabulasoke,Bukandula,Kireku
Gomba,Gomba,Kabulasoke,Bukandula,Mabuye
Gomba,Gomba,Kabulasoke,Bukandula,Kateete
Gomba,Gomba,Kabulasoke,Bulwadda,Bulwadda
Gomba,Gomba,Kabulasoke,Bulwadda,Luzira
Gomba,Gomba,Kabulasoke,Butiti,Butiti
Gomba,Gomba,Kabulasoke,Butiti,Kabulasoke (Gombolola Hq)
Gomba,Gomba,Kabulasoke,Butiti,Kabulasoke A
Gomba,Gomba,Kabulasoke,Butiti,Kabulasoke B
Gomba,Gomba,Kabulasoke,Kifampa,Kifampa (Town)
Gomba,Gomba,Kabulasoke,Kifampa,Kifampa (Village)
Gomba,Gomba,Kabulasoke,Kifampa,Kiryanongo
Gomba,Gomba,Kabulasoke,Kifampa,Kireku
Gomba,Gomba,Kabulasoke,Kisozi,Kisozi
Gomba,Gomba,Kabulasoke,Lugaaga,Wabibo
Gomba,Gomba,Kabulasoke,Lugaaga,Lugaaga
Gomba,Gomba,Kabulasoke,Matongo,Matongo Centre
Gomba,Gomba,Kabulasoke,Kalwanga,Kakubansiri
Gomba,Gomba,Kabulasoke,Kalwanga,Mirambi A
Gomba,Gomba,Kabulasoke,Kalwanga,Mirambi B
Gomba,Gomba,Kabulasoke,Kalwanga,Lwamadiba
Gomba,Gomba,Kabulasoke,Bukundugulu,Bukudugulu
Gomba,Gomba,Kabulasoke,Bukundugulu,Buyana
Gomba,Gomba,Kabulasoke,Kisoga,Kisoga
Gomba,Gomba,Kabulasoke,Kisoga,Kasiba
Gomba,Gomba,Kyegonza,Malere,Malere (Trading Centre)
Gomba,Gomba,Kyegonza,Malere,Malere (Village)
Gomba,Gomba,Kyegonza,Mamba,Mamba (Trading Centre)
Gomba,Gomba,Kyegonza,Mamba,Mamba (Village)
Gomba,Gomba,Kyegonza,Saali,Saali
Gomba,Gomba,Kyegonza,Saali,Mabuye
Gomba,Gomba,Kyegonza,Saali,Makokwa
Gomba,Gomba,Kyegonza,Nakijju,Nakijju (Trading Centre)
Gomba,Gomba,Kyegonza,Nakijju,Nakijju (Village)
Gomba,Gomba,Kyegonza,Namabeya,Namabeya
Gomba,Gomba,Kyegonza,Nsambwe,Nsambwe (Trading Centre)
Gomba,Gomba,Kyegonza,Nsambwe,Nsambwe (Village)
Gomba,Gomba,Kyegonza,Wanjeyo,Wanjeyo (Trading Centre)
Gomba,Gomba,Kyegonza,Wanjeyo,Wanjeyo (Village)
Gomba,Gomba,Kyegonza,Wanjeyo,Nakaye
Gomba,Gomba,Kyegonza,Wanjeyo,Kawerimidde
Gomba,Gomba,Kyegonza,Malele,Lumuli
Gomba,Gomba,Kyegonza,Mpenge,Mpenge
Gomba,Gomba,Maddu,Ddegeya,Ddegeya
Gomba,Gomba,Maddu,Kigezi,Kigezi
Gomba,Gomba,Maddu,Kyabagamba,Kyabagamba
Gomba,Gomba,Maddu,Kyabagamba,Kabale
Gomba,Gomba,Maddu,Kyayi,Kyamukama
Gomba,Gomba,Maddu,Kyayi,Kyetume
Gomba,Gomba,Maddu,Maddu,Maddu (Gombolola Headquarter)
Gomba,Gomba,Maddu,Bbinzi/Ttaba,Bbuye
Gomba,Gomba,Maddu,Kakomo,Mpenja (Gombolola Headquarter)
Gomba,Gomba,Maddu,Kakomo,Kakomo-Kigulu
Gomba,Gomba,Maddu,Kakomo,Najjanankumbi
Gomba,Gomba,Mpenja,Kanziira,Kanziira
Gomba,Gomba,Mpenja,Kiriri,Kiriri (Trading Centre)
Gomba,Gomba,Mpenja,Kiriri,Kiriri (Village)
Gomba,Gomba,Mpenja,Nkoma,Lunene
Gomba,Gomba,Mpenja,Ngomanene,Ngomanene (Trading Centre)
Gomba,Gomba,Mpenja,Ngomanene,Ngomanene (Village)
Gomba,Gomba,Kanoni Town Council,Koome Ward,Koome
Gomba,Gomba,Kanoni Town Council,Koome Ward,Lusenke
Gomba,Gomba,Kanoni Town Council,Koome Ward,Kanoni  Town  Council
Kyadondo,Wakiso,Nansana Municipal Council,Nansana East Ward,Nansana East 1
Kyadondo,Wakiso,Nansana Municipal Council,Nansana East Ward,Nansana East 2
Kyadondo,Wakiso,Nansana Municipal Council,Nansana West Ward,Nansana West 1
Kyadondo,Wakiso,Nansana Municipal Council,Nansana West Ward,Nansana West 2
Kyadondo,Wakiso,Nansana Municipal Council,Nansana 7/8 Ward,7/8 Zone
Kyadondo,Wakiso,Nansana Municipal Council,Nansana 7/8 Ward,Ochieng Zone
Kyadondo,Wakiso,Nansana Municipal Council,Nabweru North,Nabweru  Gombolola HQ
Kyadondo,Wakiso,Nansana Municipal Council,Kazo-Nabweru,Muganzirwazza
Kyadondo,Wakiso,Nansana Municipal Council,Kazo-Nabweru,Kazo-Central
Kyadondo,Wakiso,Nansana Municipal Council,Kazo-Nabweru,Nabweru South
Kyadondo,Wakiso,Nansana Municipal Council,Kazo-Nabweru,Nabweru North
Kyadondo,Wakiso,Nansana Municipal Council,Kazo-Nabweru,Lugoba North
Kyadondo,Wakiso,Wakiso,Kyebando,Gganda
Kyadondo,Wakiso,Wakiso,Kyebando,Kyebando
Kyadondo,Wakiso,Wakiso,Kyebando,Nsumbi
Kyadondo,Wakiso,Wakiso,Kyebando,Nasere
Kyadondo,Wakiso,Wakiso,Kyebando,Kabulengwa   (Around Risah  College Sch.)
Kyadondo,Wakiso,Wakiso,Kyebando,Kabulengwa  (Next to Akright   Estate)
Kyadondo,Wakiso,Nabweru,Wamala,Wamala
Kyadondo,Wakiso,Nabweru,Wamala,Katooke A
Kyadondo,Wakiso,Nabweru,Wamala,Katooke B
Kyadondo,Wakiso,Nabweru,Wamala,Jinja Kalori
Kyadondo,Wakiso,Nabweru,Wamala,Kisimu
Kyadondo,Wakiso,Nabweru,Maganjo,Ttula
Kyadondo,Wakiso,Nabweru,Maganjo,Kagoma
Kyadondo,Wakiso,Nabweru,Maganjo,Maganjo / Mawu
Kyadondo,Wakiso,Nabweru,Maganjo,Maganjo B
Kyadondo,Wakiso,Nabweru,Maganjo,Kijapani
Kyadondo,Wakiso,Nabweru,Maganjo,Kawempe  Kirombe
Kyadondo,Wakiso,Nabweru,Maganjo,Jinja Kalori
Kyadondo,Wakiso,Nabweru,Maganjo,Kawempe  Lukadde
Kyadondo,Wakiso,Nabweru,Kawanda,Nkokonjeru  (Kagoma)
Kyadondo,Kampala,Kawempe,Bwaise III,Kawaala road
Kyadondo,Kampala,Kawempe,Bwaise III,St Francis
Kyadondo,Kampala,Kawempe,Bwaise III,Bugalani
Kyadondo,Kampala,Kawempe,Bwaise III,Katoogo
Kyadondo,Kampala,Kawempe,Bwaise III,Kalimali
Kyadondo,Kampala,Kawempe,Bwaise III,Bokasa
Kyadondo,Kampala,Kawempe,Bwaise II,Lufula
Kyadondo,Kampala,Kawempe,Bwaise II,Tebuyoleka
Kyadondo,Kampala,Kawempe,Bwaise II,Mugoowa
Kyadondo,Kampala,Kawempe,Bwaise II,Nakamiro
Kyadondo,Kampala,Kawempe,Bwaise II,Mukalazi
Kyadondo,Kampala,Kawempe,Bwaise II,Katale
Kyadondo,Kampala,Kawempe,Bwaise II,Nabukalu
Kyadondo,Kampala,Kawempe,Bwaise 1,Bubajwe
Kyadondo,Kampala,Kawempe,Bwaise 2,Industrial Area
Kyadondo,Kampala,Kawempe,Bwaise 3,Kisenyi
Kyadondo,Kampala,Kawempe,Bwaise 4,Mukwaya
Kyadondo,Kampala,Kawempe,Kazo Angola,Kazo- Angola Central
Kyadondo,Kampala,Kawempe,Kazo Angola,Corner Zone
Kyadondo,Kampala,Kawempe,Kazo Angola,Lugoba Zone
Kyadondo,Wakiso,Kiziba,Masuliita,Masuliita Town
Kyadondo,Wakiso,Kiziba,Masuliita,Masuliita Kyalo
Busiro,Wakiso,Kiziba,Katikamu,Katikamu
Busiro,Wakiso,Gombe,Katikamu,Kitinda
Busiro,Wakiso,Gombe,Katikamu,Jjombwa
Busiro,Wakiso,Gombe,Katikamu,Nabalanga
Busiro,Wakiso,Gombe,Lugungude,Lugungude
Busiro,Wakiso,Gombe,Lugungude,Nanvubya
Busiro,Wakiso,Gombe,Lugungude,Luwami
Busiro,Wakiso,Gombe,Lugungude,Nakatunda
Busiro,Wakiso,Gombe,Kanzize,Kalongero
Busiro,Wakiso,Gombe,Kanzize,Kanzize  Kasumbuso
Busiro,Wakiso,Gombe,Kanzize,Mulume
Busiro,Wakiso,Gombe,Kyengeza,Ssegganga
Busiro,Wakiso,Gombe,Kyengeza,Nansomba
Busiro,Wakiso,Gombe,Kyengeza,Kasudde
Busiro,Wakiso,Gombe,Kyengeza,Kyengeza
Busiro,Wakiso,Gombe,Masuliita,Kiziba
Busiro,Wakiso,Gombe,Masuliita,Bbale
Busiro,Wakiso,Gombe,Masuliita,Kisagala
Busiro,Wakiso,Gombe,Gombe,Gombolola
Busiro,Wakiso,Gombe,Matugga,Lwadda A
Busiro,Wakiso,Gombe,Matugga,Lwadda B
Busiro,Wakiso,Gombe,Buwambo,Buwambo
Busiro,Wakiso,Gombe,Buwambo,Kigoogwa
Busiro,Wakiso,Gombe,Jaggala/Kavule,Galamba
Busiro,Wakiso,Gombe,Jaggala/Kavule,Busso
Busiro,Wakiso,Kakiri Town Council,Kakiri Ward,Kakiri town  (Naddangira)
Busiro,Wakiso,Kakiri Town Council,Kakiri Ward,Kikandwa
Busiro,Wakiso,Kakiri Town Council,Kakiri Ward,Sentema
Busiro,Wakiso,Kakiri Town Council,Kakiri Ward,Bukungulu
Busiro,Wakiso,Kakiri Town Council,Kakiri Ward,Kawalira
Busiro,Wakiso,Kakiri Town Council,Kakiri Ward,Kawagalo
Busiro,Wakiso,Kakiri Town Council,Kakiri Ward,Lukwanga
Busiro,Wakiso,Kakiri Town Council,Kakiri Ward,Kakiri
Busiro,Wakiso,Kakiri,Nampunge,Gobero
Busiro,Wakiso,Kakiri,Nampunge,Naalya-Gala
Busiro,Wakiso,Kakiri,Lubbe,Lubbe
Busiro,Wakiso,Kakiri,Buwanuka,Kawalira
Busiro,Wakiso,Kakiri,Buwanuka,Kabagaano
Busiro,Wakiso,Kakiri,Buwanuka,Buwanuka A
Busiro,Wakiso,Kakiri,Buwanuka,Buwanuka B
Busiro,Wakiso,Kakiri,Buwanuka,Kitebi /Bbaale
Busiro,Wakiso,Kakiri,Buwanuka,Naguru- Vugamira
Busiro,Wakiso,Kakiri,Buwanuka,Bulima/Bulangal a
Busiro,Wakiso,Kakiri,Sentema,Bukungulu
Busiro,Wakiso,Kakiri,Sentema,Sentema Kimbeja
Busiro,Wakiso,Wakiso Town Council,Kisimbiri Ward,Kikokiro
Busiro,Wakiso,Wakiso Town Council,Kisimbiri Ward,Kisimbiri B
Busiro,Wakiso,Wakiso Town Council,Kisimbiri Ward,Kisimbiri (Wakiso Town)
Busiro,Wakiso,Wakiso Town Council,Mpunga Ward,Mpunga
Busiro,Wakiso,Wakiso Town Council,Mpunga Ward,Kasangombe
Busiro,Wakiso,Wakiso Town Council,Kavumba Ward,Kavumba
Busiro,Wakiso,Wakiso Town Council,Kavumba Ward,Kkona East
Busiro,Wakiso,Wakiso Town Council,Namusera Ward,Bukasa Namusera
Busiro,Wakiso,Wakiso,Lukwanga,Muyenje
Busiro,Wakiso,Wakiso,Lukwanga,Kibuye Nawango
Busiro,Wakiso,Wakiso,Naluvule,Naluvule
Busiro,Wakiso,Wakiso,Nakabugo,Kireka
Busiro,Wakiso,Wakiso,Nakabugo,Nakuwadde
Busiro,Wakiso,Wakiso,Bukasa,Kawoko
Busiro,Wakiso,Wakiso,Bukasa,Gombe
Busiro,Wakiso,Wakiso,Bukasa,Kigoma
Busiro,Wakiso,Wakiso,Bukasa,Namasanga
Busiro,Wakiso,Wakiso,Kyebando,Bujuuko
Busiro,Wakiso,Namayumba,Kitayita,Luyina
Busiro,Wakiso,Namayumba,Kitayita,Namulamudde
Busiro,Wakiso,Namayumba,Kitayita,Sempya A
Busiro,Wakiso,Namayumba,Kitayita,Sempya B
Busiro,Wakiso,Namayumba,Kitayita,Buwembo
Busiro,Wakiso,Namayumba,Kitayita,Ggulwe
Busiro,Wakiso,Namayumba,Kitayita,Nakulamudde
Busiro,Wakiso,Namayumba,Luguzi,Namayumba
Busiro,Wakiso,Namayumba,Luguzi,Budaali
Busiro,Wakiso,Namayumba,Luguzi,Kasanga
Busiro,Wakiso,Namayumba,Luttisi,Lukoma
Busiro,Wakiso,Namayumba,Luttisi,Busaku
Busiro,Wakiso,Namayumba,Luttisi,Luttisi
Busiro,Wakiso,Namayumba,Kyengeza,Kyengeza
Busiro,Wakiso,Namayumba,Nakedde,Kikoko
Busiro,Wakiso,Namayumba,Nakedde,Nakedde
Busiro,Wakiso,Namayumba,Kanziro,Malangata- Ngondwe
Busiro,Wakiso,Namayumba,Kanziro,Bugimba
Busiro,Wakiso,Namayumba,Kyampisi,Buwasa
Busiro,Wakiso,Namayumba,Bukondo,Muguluka
Busiro,Wakiso,Namayumba,Kyanuuna  (Ssabagabo A),Naggulu
Busiro,Wakiso,Namayumba,Kyanuuna  (Ssabagabo A),Kitula
Busiro,Wakiso,Namayumba,Kyanuuna  (Ssabagabo A),Kaseeta
Busiro,Wakiso,Namayumba,Kyanuuna  (Ssabagabo A),Buliika
Busiro,Wakiso,Namayumba,Kyanuuna  (Ssabagabo A),Kyanuuna
Busiro,Wakiso,Namayumba,Ssabagabo (B),Kyampisi
Busiro,Wakiso,Namayumba,Ssabagabo (B),Bembe
Busiro,Wakiso,Namayumba,Ssabagabo (B),Kanziro
Busiro,Wakiso,Mende,Bakka,Bumera
Busiro,Wakiso,Mende,Bakka,Buterega
Busiro,Wakiso,Mende,Bakka,Kongojje
Kyadondo,Kampala,Rubaga,Najjanankumbi I,Busaabala Road
Kyadondo,Kampala,Rubaga,Najjanankumbi I,Central
Kyadondo,Kampala,Rubaga,Najjanankumbi I,Church
Kyadondo,Kampala,Rubaga,Najjanankumbi I,Namuli
Kyadondo,Kampala,Rubaga,Najjanankumbi II,Kizito
Kyadondo,Kampala,Rubaga,Najjanankumbi II,Masanyalaze
Kyadondo,Kampala,Rubaga,Najjanankumbi II,Quarter
Kyadondo,Kampala,Rubaga,Najjanankumbi II,Stella
Kyadondo,Wakiso,Makindye Ssabagabo,Ndejje,Bongole
Kyadondo,Wakiso,Makindye Ssabagabo,Ndejje,Kanaaba
Kyadondo,Wakiso,Makindye Ssabagabo,Ndejje,Kanyanya
Kyadondo,Wakiso,Makindye Ssabagabo,Ndejje,Lubugumu
Kyadondo,Wakiso,Makindye Ssabagabo,Ndejje,Lufuka
Kyadondo,Wakiso,Makindye Ssabagabo,Ndejje,Lugga
Kyadondo,Wakiso,Makindye Ssabagabo,Ndejje,Mirimu
Kyadondo,Wakiso,Makindye Ssabagabo,Ndejje,Ndejje central
Kyadondo,Wakiso,Makindye Ssabagabo,Mutungo,Kakoola
Kyadondo,Wakiso,Makindye Ssabagabo,Mutungo,Kigo-Lunnya
Kyadondo,Wakiso,Makindye Ssabagabo,Mutungo,Kigo Prison
Kyadondo,Wakiso,Makindye Ssabagabo,Mutungo,Kitiko
Kyadondo,Wakiso,Makindye Ssabagabo,Mutungo,Kitiko-Birongo
Kyadondo,Wakiso,Makindye Ssabagabo,Mutungo,Lweza A
Kyadondo,Wakiso,Makindye Ssabagabo,Mutungo,Lweza B
Kyadondo,Wakiso,Makindye Ssabagabo,Mutungo,Mutungo Central
Kyadondo,Wakiso,Makindye Ssabagabo,Busaabala,Buggu
Kyadondo,Wakiso,Makindye Ssabagabo,Busaabala,Busaabala
Kyadondo,Wakiso,Makindye Ssabagabo,Busaabala,Gangu A
Kyadondo,Wakiso,Makindye Ssabagabo,Busaabala,Gangu B
Kyadondo,Wakiso,Makindye Ssabagabo,Busaabala,Gangu C
Kyadondo,Wakiso,Makindye Ssabagabo,Busaabala,Kabuuma
Kyadondo,Wakiso,Makindye Ssabagabo,Busaabala,Kibiri A
Kyadondo,Wakiso,Makindye Ssabagabo,Busaabala,Kibiri B
Kyadondo,Wakiso,Makindye Ssabagabo,Busaabala,Kirinda
Kyadondo,Wakiso,Makindye Ssabagabo,Busaabala,Ziranumbu
Kyadondo,Wakiso,Makindye Ssabagabo,Masajja,Kibira A
Kyadondo,Wakiso,Makindye Ssabagabo,Masajja,Kibira B
Kyadondo,Wakiso,Makindye Ssabagabo,Masajja,Masajja A
Kyadondo,Wakiso,Makindye Ssabagabo,Masajja,Masajja B
Kyadondo,Wakiso,Makindye Ssabagabo,Masajja,Namasuba Central
Kyadondo,Wakiso,Makindye Ssabagabo,Masajja,Namasuba Kalina
Kyadondo,Wakiso,Makindye Ssabagabo,Masajja,Namasuba Kikajjo
Kyadondo,Wakiso,Makindye Ssabagabo,Masajja,Namasuba Para
Kyadondo,Wakiso,Makindye Ssabagabo,Masajja,Namasuba PWD
Kyadondo,Wakiso,Makindye Ssabagabo,Masajja,Ndikuttamada
Kyadondo,Wakiso,Makindye Ssabagabo,Mutundwe,Busingiri Nyanama
Kyadondo,Wakiso,Makindye Ssabagabo,Bunamwaya,Kikumbi
Kyadondo,Wakiso,Makindye Ssabagabo,Bunamwaya,Kirimanyaga
Kyadondo,Wakiso,Makindye Ssabagabo,Bunamwaya,Kisingiri
Kyadondo,Wakiso,Makindye Ssabagabo,Bunamwaya,Lubowa
Kyadondo,Wakiso,Makindye Ssabagabo,Bunamwaya,Lufuka
Kyadondo,Wakiso,Makindye Ssabagabo,Bunamwaya,Nankinga
Kyadondo,Wakiso,Makindye Ssabagabo,Bunamwaya,Nfuufu
Kyadondo,Wakiso,Makindye Ssabagabo,Bunamwaya,Ngobe
Kyadondo,Wakiso,Makindye Ssabagabo,Bunamwaya,Zzana
Kyadondo,Wakiso,Makindye Ssabagabo,Sseguku,Kyeyagalire
Kyadondo,Wakiso,Makindye Ssabagabo,Sseguku,Naziba
Kyadondo,Wakiso,Makindye Ssabagabo,Sseguku,Sseguku (Hilltop)
Kyadondo,Wakiso,Makindye Ssabagabo,Sseguku,Sseguku (Lower)
Busiro,Wakiso,Ssisa,Nkungulutale,Kisembi/ Gayaza/ Kitujju
Busiro,Wakiso,Ssisa,Nkungulutale,Munkabira
Busiro,Wakiso,Ssisa,Nkungulutale,Nakigalala
Busiro,Wakiso,Ssisa,Nkungulutale,Nkungulutale  Central
Busiro,Wakiso,Katabi,Kisubi,Kisubi Mission
Busiro,Wakiso,Katabi,Nkumba,Bendegere
Busiro,Wakiso,Katabi,Kitala,Lyamutundwe
Busiro,Wakiso,Katabi,Kitala,Kitala
Busiro,Wakiso,Katabi,Kitala,Bukandekande
Busiro,Wakiso,Katabi,Kitala,Mpala
Busiro,Wakiso,Katabi,Nalugala,Nalugala
Busiro,Wakiso,Katabi,Nalugala,Mawugulu
Kyaggwe,Buikwe,Njeru Town Council,Njeru West Ward,Namwezi
Kyaggwe,Buikwe,Njeru Town Council,Njeru West Ward,Kizungu
Kyaggwe,Buikwe,Njeru Town Council,Njeru West Ward,Wampala
Kyaggwe,Buikwe,Njeru Town Council,Njeru West Ward,Nakibizzi
Kyaggwe,Buikwe,Njeru Town Council,Njeru West Ward,Ntinda
Kyaggwe,Buikwe,Njeru Town Council,Njeru West Ward,Kasanja
Kyaggwe,Buikwe,Njeru Town Council,Njeru West Ward,Lugazi II
Kyaggwe,Buikwe,Njeru Town Council,Njeru West Ward,Kyabaggu
Kyaggwe,Buikwe,Njeru Town Council,Njeru West Ward,Namuwaya
Kyaggwe,Buikwe,Nyenga,Nyenga,Gombolola
Kyaggwe,Buikwe,Nyenga,Nyenga,Bulamagi
Kyaggwe,Buikwe,Nyenga,Nyenga,Njala Egobye
Kyaggwe,Buikwe,Najja,Kisiimba,Kisiimba
Kyaggwe,Buikwe,Najja,Kisiimba,Makota
Kyaggwe,Buikwe,Najja,Namatovu,Bulere (Town)
Kyaggwe,Buikwe,Najja,Namatovu,Bulere (Village)
Kyaggwe,Buikwe,Najja,Namatovu,Kitabazi
Kyaggwe,Buikwe,Najja,Kiyindi,Kiyindi
Kyaggwe,Buikwe,Najja,Mawotto,Kigaya
Kyaggwe,Buikwe,Ngogwe,Namulesa,Nagunga (Town)
Kyaggwe,Buikwe,Ngogwe,Namulesa,Nagunga (Village)
Kyaggwe,Buikwe,Ngogwe,Namulesa,Ngongwe
Kyaggwe,Buikwe,Ngogwe,Namulesa,Nsabwa
Kyaggwe,Buikwe,Ngogwe,Namulesa,Namulesa
Kyaggwe,Buikwe,Ngogwe,Namulesa,Kibali
Kyaggwe,Buikwe,Ngogwe,Namulesa,Gamba
Kyaggwe,Buikwe,Ngogwe,Namulesa,Kalagala
Kyaggwe,Buikwe,Ngogwe,Namulesa,Kiwologoma
Kyaggwe,Buikwe,Ngogwe,Namulesa,Ggera
Kyaggwe,Buikwe,Ngogwe,Lubongo,Nampanyi
Kyaggwe,Buikwe,Ngogwe,Lubongo,Nakibaanga
Kyaggwe,Buikwe,Ngogwe,Lubongo,Kikoota
Kyaggwe,Buikwe,Ngogwe,Ndolwa,Ndolwa
Kyaggwe,Buikwe,Ngogwe,Ndolwa,Busansula
Kyaggwe,Buikwe,Ngogwe,Ndolwa,Nsonga
Kyaggwe,Buikwe,Ngogwe,Dungi,Buluutwe A
Kyaggwe,Buikwe,Ngogwe,Dungi,Buluutwe B
Kyaggwe,Buikwe,Ngogwe,Dungi,Natyole
Kyaggwe,Buikwe,Ngogwe,Kikwayi,Buyiri
Kyaggwe,Buikwe,Ngogwe,Kikwayi,Buyira
Kyaggwe,Buikwe,Ngogwe,Kikwayi,Kikuuba
Kyaggwe,Buikwe,Ngogwe,Kikwayi,Kikwaayi
Kyaggwe,Buikwe,Ngogwe,Kikwayi,Lugonjo
Kyaggwe,Buikwe,Ngogwe,Kikwayi,Maseke
Kyaggwe,Buikwe,Ngogwe,Kikwayi,Nalukolongo
Kyaggwe,Buikwe,Ngogwe,Kikwayi,Njovu
Kyaggwe,Buikwe,Nkokonjeru Town Council,Nkokonjeru  ward,Naziwanga
Kyaggwe,Buikwe,Ssi,Lugala,Lugala
Kyaggwe,Buikwe,Ssi,Lugala,Lukka
Kyaggwe,Buikwe,Ssi,Lugala,Kanga
Kyaggwe,Buikwe,Ssi,Lugala,Sugu
Kyaggwe,Buikwe,Ssi,Lugala,Ssi
Kyaggwe,Buikwe,Ssi,Lugala,Kimbugu
Kyaggwe,Buikwe,Ssi,Lugala,Nakawali
Kyaggwe,Buikwe,Ssi,Lugala,Bukaya
Kyaggwe,Buikwe,Ssi,Lugoba,Lukubo
Kyaggwe,Buikwe,Ssi,Lugoba,Bubwa
Kyaggwe,Buikwe,Ssi,Lugoba,Kisigula
Kyaggwe,Buikwe,Ssi,Zitwe,Maigwe
Kyaggwe,Buikwe,Ssi,Zitwe,Seira
Kyaggwe,Buikwe,Ssi,Koba,Lugoba
Kyaggwe,Buikwe,Ssi,Koba,Koba Nabutiri
Kyaggwe,Buikwe,Ssi,Koba,Kiwungi
Kyaggwe,Buikwe,Ssi,Namukuma,Kigugo
Kyaggwe,Buikwe,Ssi,Namukuma,Mpuku/ Kasaali
Kyaggwe,Buikwe,Ssi,Bbinga,Buwera
Kyaggwe,Buikwe,Ssi,Bbinga,Mpuku
Kyaggwe,Buikwe,Lugazi Town Council,Namengo  ward,Kasenke village  (Kawolo  Gombolola)
Kyaggwe,Buikwe,Buikwe Town Council,Buikwe Ward,Buikwe Town
Kyaggwe,Buikwe,Buikwe Town Council,Buikwe Ward,Vuluga
Kyaggwe,Buikwe,Buikwe Town Council,Buikwe Ward,Gombolola
Kyaggwe,Buikwe,Buikwe Town Council,Buikwe Ward,Kyamabaale
Kyaggwe,Buikwe,Buikwe Town Council,Buikwe Ward,Mubeya
Kyaggwe,Buikwe,Buikwe,Kitazi,Kikoma
Kyaggwe,Buikwe,Buikwe,Kitazi,Kasubi Town
Kyaggwe,Buikwe,Buikwe,Kitazi,Kasubi village
Kyaggwe,Buikwe,Buikwe,Ssugu,Kyanja
Kyaggwe,Buikwe,Buikwe,Ssugu,Kikoma A
Kyaggwe,Buikwe,Buikwe,Ssugu,Kikoma B
Kyaggwe,Buikwe,Buikwe,Ssugu,Matale (Village)
Kyaggwe,Buikwe,Buikwe,Ssugu,Matale (Town)
Kyaggwe,Buikwe,Buikwe,Ssugu,Nakatyaba
Kyaggwe,Buikwe,Buikwe,Ssugu,Mutwe
Kyaggwe,Buikwe,Najjembe,Nsakya,Nsakya A  (Gombolola)
Kyaggwe,Buikwe,Najjembe,Nsakya,Nsakya B  (Gombolola)
Kyaggwe,Buikwe,Najjembe,Buvunya,Buwundo
Kyaggwe,Mukono,Kasawo,Kabimbiri,Kabimbiri
Kyaggwe,Mukono,Kasawo,Kabimbiri,Kigayaza I
Kyaggwe,Mukono,Kasawo,Kabimbiri,Kigayaza II
Kyaggwe,Mukono,Kasawo,Kabimbiri,Mindi
Kyaggwe,Mukono,Kasawo,Kabimbiri,Nasojjobe
Kyaggwe,Mukono,Kasawo,Kabimbiri,Sinda
Kyaggwe,Mukono,Kasawo,Kabimbiri,Kalyowa
Kyaggwe,Mukono,Kasawo,Kabimbiri,Kikandwa
Kyaggwe,Mukono,Kasawo,Kakukuulu,Bugabo
Kyaggwe,Mukono,Kasawo,Kakukuulu,Kakukuulu
Kyaggwe,Mukono,Kasawo,Kakukuulu,Kikube
Kyaggwe,Mukono,Kasawo,Kakukuulu,Kiwere
Kyaggwe,Mukono,Kasawo,Kakukuulu,Kizanyirizi
Kyaggwe,Mukono,Kasawo,Kakukuulu,Nkooko
Kyaggwe,Mukono,Kasawo,Kakukuulu,Nakidduduma
Kyaggwe,Mukono,Kasawo,Kakukuulu,Nakaswa
Kyaggwe,Mukono,Kasawo,Kasana,Kasana
Kyaggwe,Mukono,Kasawo,Kasana,Kitwe
Kyaggwe,Mukono,Kasawo,Kasana,Kiyagi
Kyaggwe,Mukono,Kasawo,Kasana,Buteyongera
Kyaggwe,Mukono,Kasawo,Kasana,Kakira
Kyaggwe,Mukono,Kasawo,Kasana,Kasala
Kyaggwe,Mukono,Kasawo,Kasana,Ndiba
Kyaggwe,Mukono,Kasawo,Kigogola,Buyuki
Kyaggwe,Mukono,Kasawo,Kigogola,Kateete
Kyaggwe,Mukono,Kasawo,Kigogola,Kigogola (Village)
Kyaggwe,Mukono,Kasawo,Kigogola,Kigogola (Town)
Kyaggwe,Mukono,Kasawo,Kigogola,Nnongo
Kyaggwe,Mukono,Kasawo,Kigogola,Nsanvu
Kyaggwe,Mukono,Kasawo,Kigogola,Kisonzi
Kyaggwe,Mukono,Kasawo,Kigogola,Wabuyinja
Kyaggwe,Mukono,Kasawo,Kigogola,Kibamba
Kyaggwe,Mukono,Kasawo,Kitovu,Kasawo
Kyaggwe,Mukono,Kasawo,Kitovu,Kasenge
Kyaggwe,Mukono,Kasawo,Kitovu,Kitegula
Kyaggwe,Mukono,Kasawo,Kitovu,Kitovu (Town)
Kyaggwe,Mukono,Kasawo,Kitovu,Kitovu (village)
Kyaggwe,Mukono,Kasawo,Kitovu,Kitunku
Kyaggwe,Mukono,Kasawo,Kitovu,Mubanda
Kyaggwe,Mukono,Kasawo,Namaliri,Gavu
Kyaggwe,Mukono,Kasawo,Namaliri,Kawututu
Kyaggwe,Mukono,Kasawo,Namaliri,Kigulu
Kyaggwe,Mukono,Kasawo,Namaliri,Namaliri
Kyaggwe,Mukono,Kasawo,Namaliri,Ndese (Town)
Kyaggwe,Mukono,Kasawo,Namaliri,Ndese (Village)
Kyaggwe,Mukono,Namuganga,Kitale,Katuuso
Kyaggwe,Mukono,Namuganga,Kitale,Kitale 'A'
Kyaggwe,Mukono,Namuganga,Kitale,Kitale 'B'
Kyaggwe,Mukono,Namuganga,Kitale,Kakooge
Kyaggwe,Mukono,Namuganga,Kitale,Kasiiso
Kyaggwe,Mukono,Namuganga,Kitale,Lusera
Kyaggwe,Mukono,Namuganga,Kitale,Magwa
Kyaggwe,Mukono,Namuganga,Kitale,Nakasenyi
Kyaggwe,Mukono,Namuganga,Kitale,Butwala
Kyaggwe,Mukono,Namuganga,Kitale,Kitale Busia
Kyaggwe,Mukono,Namuganga,Kituula,Gimbi I (Village)
Kyaggwe,Mukono,Namuganga,Kituula,Gimbi I (Town)
Kyaggwe,Mukono,Namuganga,Kituula,Gimbi II
Kyaggwe,Mukono,Namuganga,Kituula,Kituula
Kyaggwe,Mukono,Namuganga,Kituula,Kyanika
Kyaggwe,Mukono,Namuganga,Kituula,Kyewanise
Kyaggwe,Mukono,Namuganga,Kituula,Lugala
Kyaggwe,Mukono,Namuganga,Kituula,Mbulamuti
Kyaggwe,Mukono,Namuganga,Kayini,Bwegiire (Village)
Kyaggwe,Mukono,Namuganga,Kayini,Bwegiire (Town)
Kyaggwe,Mukono,Namuganga,Kayini,Kakukuulu
Kyaggwe,Mukono,Namuganga,Kayini,Kayini I
Kyaggwe,Mukono,Namuganga,Kayini,Kayini II
Kyaggwe,Mukono,Namuganga,Kayini,Kikoma
Kyaggwe,Mukono,Namuganga,Kayini,Kikondo
Kyaggwe,Mukono,Namuganga,Kayini,Kimegga
Kyaggwe,Mukono,Namuganga,Kayini,Kyajinja
Kyaggwe,Mukono,Namuganga,Kayini,Luguje
Kyaggwe,Mukono,Namuganga,Kayini,Nakyeeke
Kyaggwe,Mukono,Namuganga,Namuganga,Butumbiiri
Kyaggwe,Mukono,Namuganga,Namuganga,Kabumba
Kyaggwe,Mukono,Namuganga,Namuganga,Kibbuye
Kyaggwe,Mukono,Namuganga,Namuganga,Nabiga
Kyaggwe,Mukono,Namuganga,Namuganga,Namuganga East (Town)
Kyaggwe,Mukono,Namuganga,Namuganga,Namuganga West (Village)
Kyaggwe,Mukono,Namuganga,Namuganga,Kalangalo
Kyaggwe,Mukono,Namuganga,Namuganga,Nsagi
Kyaggwe,Mukono,Namuganga,Namuganga,Ntonto
Kyaggwe,Mukono,Namuganga,Namanoga,Bulongo
Kyaggwe,Mukono,Namuganga,Namanoga,Buyita
Kyaggwe,Mukono,Namuganga,Namanoga,Kaweeri
Kyaggwe,Mukono,Namuganga,Namanoga,Nakasejjere
Kyaggwe,Mukono,Namuganga,Namanoga,Namanoga
Kyaggwe,Mukono,Namuganga,Namanoga,Nsaabwa A
Kyaggwe,Mukono,Namuganga,Namanoga,Makenke
Kyaggwe,Mukono,Namuganga,Namanoga,Nsaabwa B
Kyaggwe,Mukono,Namuganga,Namanoga,Seeta
Kyaggwe,Mukono,Namuganga,Namanoga,Nakadindiri
Kyaggwe,Mukono,Namuganga,Namanoga,Mawotto
Buvuma,Buvuma,Buyaga,Buye,Buye
Buvuma,Buvuma,Busamuzi,Busamuzi,Bukayo
Buvuma,Buvuma,Busamuzi,Busamuzi,Butende
Buvuma,Buvuma,Busamuzi,Lingira,Bugabo
Buvuma,Buvuma,Busamuzi,Lunyanja,Kabubbu
Buvuma,Buvuma,Bweema,Bweema,Bweema
Buvuma,Buvuma,Nairamba,Buwanga,Bugema
Buvuma,Buvuma,Nairamba,Buwanga,Kitiko
Buvuma,Buvuma,Nairamba,Buwanga,Bukula
Buvuma,Buvuma,Nairamba,Buwanga,Namunyolo
Buvuma,Buvuma,Nairamba,Buwanga,Nairambi
Buvuma,Buvuma,Nairamba,Buwanga,Seeja
Buvuma,Buvuma,Nairamba,Luufu,Lukale
Buvuma,Buvuma,Nairamba,Magyo,Bubasi
Buvuma,Buvuma,Nairamba,Magyo,Bugongo
Buvuma,Buvuma,Nairamba,Magyo,Bumazime
Buvuma,Buvuma,Nairamba,Magyo,Busoba
Buvuma,Buvuma,Nairamba,Magyo,Kekejje
Buvuma,Buvuma,Nairamba,Magyo,Magyo Central
Buvuma,Buvuma,Nairamba,Magyo,Munyama
Buvuma,Buvuma,Nairamba,Magyo,Genda
Buvuma,Buvuma,Nairamba,Magyo,Buyando
Buvuma,Buvuma,Nairamba,Namiti,Lubya
Buvuma,Buvuma,Buvuma Town Council,Walwanda Ward,Walwanda
Buvuma,Buvuma,Buvuma Town Council,Walwanda Ward,Lunyanja
Buvuma,Buvuma,Buvuma Town Council,Buwanga Ward,Kitamiro
Buvuma,Buvuma,Buvuma Town Council,Buwanga Ward,Buliba
Buvuma,Buvuma,Buvuma Town Council,Buwanga Ward,Bukambe
Buvuma,Buvuma,Buvuma Town Council,Buwanga Ward,Bugaya
Bugerere,Kayunga,Bbaale,Bbaale,Bbaale East
Bugerere,Kayunga,Bbaale,Bbaale,Bbaale West
Bugerere,Kayunga,Bbaale,Bbaale,Kanamugaddu
Bugerere,Kayunga,Bbaale,Bbaale,Kyansande
Bugerere,Kayunga,Bbaale,Bbaale,Mukondo
Bugerere,Kayunga,Bbaale,Bbaale,Wabirumba
Bugerere,Kayunga,Bbaale,Nakitokolo,Kabaku
Bugerere,Kayunga,Galiraya,Galiraya,Galiraya
Bugerere,Kayunga,Galiraya,Galiraya,Kidibya A
Bugerere,Kayunga,Galiraya,Galiraya,Kidibya B
Bugerere,Kayunga,Galiraya,Galiraya,Kiwuula
Bugerere,Kayunga,Galiraya,Galiraya,Kiyiga Butayunja
Bugerere,Kayunga,Galiraya,Galiraya,Kiwongoire
Bugerere,Kayunga,Galiraya,Namalere,Bweyale A
Bugerere,Kayunga,Galiraya,Namalere,Bweyale B
Bugerere,Kayunga,Galiraya,Ntimba,Misozi
Bugerere,Kayunga,Kayonza,Kanywero,Kiseeta A
Bugerere,Kayunga,Kayonza,Kanywero,Kiseeta B
Bugerere,Kayunga,Kayonza,Kanywero,Wunga
Bugerere,Kayunga,Kayonza,Namaliri,Kayonza
Bugerere,Kayunga,Kayunga Town Council,Ntenjeru Ward,Kyambogo
Bugerere,Kayunga,Kayunga Town Council,Ntenjeru Ward,Nakaliro
Bugerere,Kayunga,Kayunga Town Council,Ntenjeru Ward,Ntenjeru A
Bugerere,Kayunga,Kayunga Town Council,Ntenjeru Ward,Ntenjeru B
Bugerere,Kayunga,Kayunga Town Council,Ntenjeru Ward,Tente
Bugerere,Kayunga,Kayunga Town Council,West/Kibir a Ward,kisawo
Bugerere,Kayunga,Kayunga Town Council,West/Kibir a Ward,Kibira
Bugerere,Kayunga,Kayunga Town Council,West/Kibir a Ward,Kayunga West
Bugerere,Kayunga,Kayunga Town Council,Kayunga Central,Kayunga North
Bugerere,Kayunga,Kayunga Town Council,Kayunga Central,Kayunga central
Bugerere,Kayunga,Kayunga Town Council,Namagabi,Namagabi A
Bugerere,Kayunga,Kayunga Town Council,Namagabi,Namagabi B
Bugerere,Kayunga,Kayunga Town Council,Namagabi,Kivulu
Bugerere,Kayunga,Kayunga Town Council,Namagabi,Wanyanga
Bugerere,Kayunga,Kayunga Town Council,Namagabi,Kisaaba
Bugerere,Kayunga,Kayunga Town Council,Bukoloto ward,Kamunye
Bugerere,Kayunga,Kayunga Town Council,Bukoloto ward,Kakowekoowe
Bugerere,Kayunga,Kayunga Town Council,Bukoloto ward,Asoni Kaggwa
Bugerere,Kayunga,Kayunga Town Council,Bukoloto ward,Sajjabbi
Bugerere,Kayunga,Kayunga Town Council,Bukoloto ward,Ndeeba
Bugerere,Kayunga,Kayunga,Bukoloto,Bukoloto
Bugerere,Kayunga,Kayunga,Bukoloto,Butakoola
Bugerere,Kayunga,Kayunga,Bukoloto,Bwetyaba
Bugerere,Kayunga,Kayunga,Bukoloto,Gaaza
Bugerere,Kayunga,Kayunga,Bukoloto,Kyambogo
Bugerere,Kayunga,Kayunga,Bukoloto,Kyampisi
Bugerere,Kayunga,Kayunga,Bukoloto,Nawandagala
Bugerere,Kayunga,Kayunga,Bukoloto,Ntooke
Bugerere,Kayunga,Kayunga,Nakaseeta,Kisombwa
Bugerere,Kayunga,Kayunga,Nakaseeta,Kiryamuli
Bugerere,Kayunga,Kayunga,Nakaseeta,Nakaseeta A
Bugerere,Kayunga,Kayunga,Nakaseeta,Nakaseeta B
Bugerere,Kayunga,Kayunga,Nakaseeta,Nakaziba
Bugerere,Kayunga,Kayunga,Nakaseeta,Wankyayiraki
Bugerere,Kayunga,Kayunga,Nakaseeta,Nawandagala
Bugerere,Kayunga,Kayunga,Kiteredde,Bugogge
Bugerere,Kayunga,Kayunga,Kiteredde,Kagoye
Bugerere,Kayunga,Kayunga,Kiteredde,Kisagazi
Bugerere,Kayunga,Kayunga,Kiteredde,Kiteredde
Bugerere,Kayunga,Kayunga,Kiteredde,Wabiggwo
Bugerere,Kayunga,Kayunga,Busaale,Busaale
Bugerere,Kayunga,Kayunga,Busaale,Katikamu
Bugerere,Kayunga,Kayunga,Busaale,Kito
Bugerere,Kayunga,Kayunga,Busaale,Kyebanja A
Bugerere,Kayunga,Kayunga,Busaale,Kyebanja B
Bugerere,Kayunga,Kayunga,Bubajwe,Bubajjwe A
Bugerere,Kayunga,Kayunga,Bubajwe,Kaazi A
Bugerere,Kayunga,Kayunga,Bubajwe,Nalumuli
Bugerere,Kayunga,Kayunga,Bubajwe,Nalyamabidde A
Bugerere,Kayunga,Kayunga,Bubajwe,Namatogonya
Bugerere,Kayunga,Kayunga,Bubajwe,Wajjanzi
Bugerere,Kayunga,Kayunga,Bubajwe,Bubajjwe B
Bugerere,Kayunga,Kayunga,Bubajwe,Kaazi B
Bugerere,Kayunga,Kayunga,Bubajwe,Nalyamabidde B
Bugerere,Kayunga,Kayunga,Buyobe,Nfufu
Bugerere,Kayunga,Kayunga,Buyobe,Kyanya
Bugerere,Kayunga,Kayunga,Buyobe,Buyobe
Bugerere,Kayunga,Kayunga,Buyobe,Bulyankuyege
Bugerere,Kayunga,Kayunga,Buyobe,Buwungiro
Bugerere,Kayunga,Kayunga,Buyobe,Kanjuki/ Wabisonko
Bugerere,Kayunga,Kayunga,Buyobe,Kawuku
Bugerere,Kayunga,Kayunga,Buyobe,Kokotero/ Gwanika
Bugerere,Kayunga,Kayunga,Buyobe,Kyanika
Bugerere,Kayunga,Kayunga,Bukujju,Bukujju
Bugerere,Kayunga,Kayunga,Bukujju,Kanjuki
Bugerere,Kayunga,Kayunga,Bukujju,Busolo
Bugerere,Kayunga,Kayunga,Bukujju,Kiyagi
Bugerere,Kayunga,Kayunga,Bukujju,Kyamimbi
Bugerere,Kayunga,Kayunga,Bukujju,Nalweweta
Bugerere,Kayunga,Kayunga,Nsotoka,Namulanda
Bugerere,Kayunga,Kayunga,Nsotoka,Kiwooza A
Bugerere,Kayunga,Kayunga,Nsotoka,Kiwooza B
Bugerere,Kayunga,Kayunga,Nsotoka,Buyungiizi
Bugerere,Kayunga,Kayunga,Nsotoka,Mataba
Bugerere,Kayunga,Kayunga,Nsotoka,Kisagazi
Bugerere,Kayunga,Kayunga,Nsotoka,Bunyumya
Bugerere,Kayunga,Kayunga,Nsotoka,Njalebireese
Bugerere,Kayunga,Kayunga,Nsotoka,Nsotoka
Bugerere,Kayunga,Kayunga,Nsotoka,Ssukka
Bugerere,Kayunga,Nazigo,Bukamba,Buguvu
Bugerere,Kayunga,Nazigo,Bukamba,Bukamba A
Bugerere,Kayunga,Nazigo,Bukamba,Bukamba B
Bugerere,Kayunga,Nazigo,Bukamba,Bukamba Town
Bugerere,Kayunga,Nazigo,Bukamba,Gayaza
Bugerere,Kayunga,Nazigo,Bukamba,Kiswa
Bugerere,Kayunga,Nazigo,Bukamba,Namirembe
Bugerere,Kayunga,Nazigo,Katikanyon yi,Budooda
Bugerere,Kayunga,Nazigo,Katikanyon yi,Katikanyonyi
Bugerere,Kayunga,Nazigo,Katikanyon yi,Kiteredde
Bugerere,Kayunga,Nazigo,Katikanyon yi,Kiwuba
Bugerere,Kayunga,Nazigo,Katikanyon yi,Nakatooke
Bugerere,Kayunga,Nazigo,Kimaanya,Gangama
Bugerere,Kayunga,Nazigo,Kimaanya,Kimaanya
Bugerere,Kayunga,Nazigo,Kimaanya,Kisoga
Bugerere,Kayunga,Nazigo,Kimaanya,Kiziika
Bugerere,Kayunga,Nazigo,Kimaanya,Kyetume
Bugerere,Kayunga,Nazigo,Kirindi,Damba
Bugerere,Kayunga,Nazigo,Kirindi,Kasega
Bugerere,Kayunga,Nazigo,Kirindi,Kirindi
Bugerere,Kayunga,Nazigo,Kirindi,Nakakonge
Bugerere,Kayunga,Nazigo,Kirindi,Nsima- Kibaati
Bugerere,Kayunga,Nazigo,Kirindi,Zakalia zone
Bugerere,Kayunga,Nazigo,Natteta,Busagazi
Bugerere,Kayunga,Nazigo,Natteta,Gombolola Zone
Bugerere,Kayunga,Nazigo,Natteta,Kawonawo zone
Bugerere,Kayunga,Nazigo,Natteta,Kinyala Zone
Bugerere,Kayunga,Nazigo,Natteta,Kiribedda
Bugerere,Kayunga,Nazigo,Natteta,Seeta
Bugerere,Kayunga,Nazigo,Natteta,Nakatovu
Bugerere,Kayunga,Nazigo,Natteta,Natteta
Bugerere,Kayunga,Nazigo,Natteta,Nazigo Village
Bugerere,Kayunga,Nazigo,Natteta,Old Nazigo
Bugerere,Kayunga,Nazigo,Natteta,Wabirongo
Bugerere,Kayunga,Nazigo,Nazigo,Kigobero
Bugerere,Kayunga,Nazigo,Nazigo,Kirimantungo
Bugerere,Kayunga,Nazigo,Nazigo,Kotwe
Bugerere,Kayunga,Nazigo,Nazigo,Kyampisi
Bugerere,Kayunga,Nazigo,Nazigo,Magala
Bugerere,Kayunga,Nazigo,Nazigo,Nakakonge
Bugerere,Kayunga,Nazigo,Nazigo,South
Bugerere,Kayunga,Nazigo,Nazigo,Kayunga 180
Bugerere,Kayunga,Nazigo,Nazigo,Nazigo-Kiseveni
Bugerere,Kayunga,Nazigo,Nazigo,Senda
Bugerere,Kayunga,Nazigo,Nsiima,Kiremeezi A
Bugerere,Kayunga,Nazigo,Nsiima,Kiremeezi B
Bugerere,Kayunga,Nazigo,Nsiima,Kotwe D
Bugerere,Kayunga,Nazigo,Nsiima,Nazigo Hqrs
Bugerere,Kayunga,Nazigo,Nsiima,Nsiima
Bugerere,Kayunga,Nazigo,Nsiima,Salaama
Bugerere,Kayunga,Nazigo,Nsiima,Sporta
Bugerere,Kayunga,Kangulumira,Kangulumir a,Kalagala
Bugerere,Kayunga,Kangulumira,Kangulumir a,Kangulumira
Bugerere,Kayunga,Kangulumira,Kangulumir a,Kasambya
Bugerere,Kayunga,Kangulumira,Kangulumir a,Kitabazi
Bugerere,Kayunga,Kangulumira,Kangulumir a,Kiwalasi
Bugerere,Kayunga,Kangulumira,Kangulumir a,Kiwugu
Bugerere,Kayunga,Kangulumira,Kangulumir a,Soona
Bugerere,Kayunga,Kangulumira,Kangulumir a,Makindye
Bugerere,Kayunga,Kangulumira,Kangulumir a,Kanyogoga
Bugerere,Kayunga,Kangulumira,Kangulumir a,Kibira
Bugerere,Kayunga,Kangulumira,Kangulumir a,Mutukula
Bugerere,Kayunga,Kangulumira,Kangulumir a,Kakande Zone
Bugerere,Kayunga,Kangulumira,Kawoomya,Bukeeka
Bugerere,Kayunga,Kangulumira,Kawoomya,Kawoomya
Bugerere,Kayunga,Kangulumira,Kawoomya,Kungu
Bugerere,Kayunga,Kangulumira,Kawoomya,Magalita
Bugerere,Kayunga,Kangulumira,Kawoomya,Mirembe
Bugerere,Kayunga,Kangulumira,Kawoomya,Kalidasi
Bugerere,Kayunga,Kangulumira,Kigayaza,Kamira
Bugerere,Kayunga,Kangulumira,Kigayaza,Kigayaza
Bugerere,Kayunga,Kangulumira,Kigayaza,kitambuza
Bugerere,Kayunga,Kangulumira,Kigayaza,Nakatundu
Bugerere,Kayunga,Kangulumira,Kikwanya,Kibetu
Bugerere,Kayunga,Kangulumira,Kikwanya,Kikwanya
Bugerere,Kayunga,Kangulumira,Kikwanya,Kimooli
Bugerere,Kayunga,Kangulumira,Kikwanya,Kireku
Bugerere,Kayunga,Kangulumira,Kikwanya,Kizawula
Bugerere,Kayunga,Kangulumira,Kikwanya,Kyabakadde
Bugerere,Kayunga,Kangulumira,Kikwanya,Mayaga
Bugerere,Kayunga,Kangulumira,Kikwanya,Musamya
Bugerere,Kayunga,Kangulumira,Nakatundu,Kisega
Bugerere,Kayunga,Kangulumira,Nakatundu,Mbulakati
Bugerere,Kayunga,Kangulumira,Nakatundu,Nongo
Bugerere,Kayunga,Kangulumira,Nakatundu,Rwanda
Bugerere,Kayunga,Kangulumira,Nakatundu,Wabukwa
Bugerere,Kayunga,Kangulumira,Nakatundu,Mwolola
Bugerere,Kayunga,Kangulumira,Seeta-nyiize,Bukasa
Bugerere,Kayunga,Kangulumira,Seeta-nyiize,Kayunga
Bugerere,Kayunga,Kangulumira,Seeta-nyiize,Nakirubi
Bugerere,Kayunga,Kangulumira,Seeta-nyiize,Namakandwa
Bugerere,Kayunga,Kangulumira,Seeta-nyiize,Nyiize
Bugerere,Kayunga,Kangulumira,Seeta-nyiize,Seeta
Bugerere,Kayunga,Kangulumira,Seeta-nyiize,Wantayi
Bugerere,Kayunga,Kangulumira,Seeta-nyiize,Kayinja
Bugerere,Kayunga,Kangulumira,Seeta-nyiize,Wampeewo
Bugerere,Kayunga,Busaana,Nampanyi,Bukungulu
Bugerere,Kayunga,Busaana,Nampanyi,Kireku  Nampanyi
Bugerere,Kayunga,Busaana,Nampanyi,Nakakandwa
Bugerere,Kayunga,Busaana,Nampanyi,Lusaana
Bugerere,Kayunga,Busaana,Nampanyi,Nampanyi
Bugerere,Kayunga,Busaana,Kasana,Bugaddu
Bugerere,Kayunga,Busaana,Kasana,Busaana
Bugerere,Kayunga,Busaana,Kasana,Kasana I
Bugerere,Kayunga,Busaana,Kasana,Kasana II
Bugerere,Kayunga,Busaana,Kasana,Kasan Bukolwa
Bugerere,Kayunga,Busaana,Kasana,Wabusonko
Bugerere,Kayunga,Busaana,Kasana,Bugobero
Bugerere,Kayunga,Busaana,Kiwangula,Buyungirizi
Bugerere,Kayunga,Busaana,Kiwangula,Kiwangula
Bugerere,Kayunga,Busaana,Kiwangula,Nakatovu
Bugerere,Kayunga,Busaana,Kiwangula,Ngeye
Bugerere,Kayunga,Busaana,Kiwangula,Wampongo
Bugerere,Kayunga,Busaana,Kiwangula,Wanjuki
Bugerere,Kayunga,Busaana,Kiwangula,Wantete A
Bugerere,Kayunga,Busaana,Kiwangula,Wantete B
Bugerere,Kayunga,Busaana,Lusenke,Bakutta
Bugerere,Kayunga,Busaana,Lusenke,Bugaddu
Bugerere,Kayunga,Busaana,Lusenke,Bunzibiridde
Bugerere,Kayunga,Busaana,Lusenke,Busunsuli
Bugerere,Kayunga,Busaana,Lusenke,Kibuzi
Bugerere,Kayunga,Busaana,Lusenke,Kireku - Lusenke
Bugerere,Kayunga,Busaana,Lusenke,Kufu
Bugerere,Kayunga,Busaana,Lusenke,Kyengera
Bugerere,Kayunga,Busaana,Lusenke,Lusenke
Bugerere,Kayunga,Busaana,Nabuganyi,Bumali
Bugerere,Kayunga,Busaana,Nabuganyi,Nabuganyi
Bugerere,Kayunga,Busaana,Nabuganyi,Namatogonya
Bugerere,Kayunga,Busaana,Nabuganyi,Nekoyedde
Bugerere,Kayunga,Busaana,Nabuganyi,Wampologoma
Bugerere,Kayunga,Busaana,Nabuganyi,Mutukula
Bugerere,Kayunga,Busaana,Namukuum a,Kasota
Bugerere,Kayunga,Busaana,Namukuum a,Kayonjo
Bugerere,Kayunga,Busaana,Namukuum a,Kitala
Bugerere,Kayunga,Busaana,Namukuum a,Kyayaye
Bugerere,Kayunga,Busaana,Namukuum a,Kyengera
Bugerere,Kayunga,Busaana,Namukuum a,Namukuma
Bugerere,Kayunga,Busaana,Namukuum a,Nangabo
Bugerere,Kayunga,Busaana,Namukuum a,Nanyuki
Bugerere,Kayunga,Busaana,Namirembe,Kauku
Bugerere,Kayunga,Busaana,Namirembe,Namirembe A
Bugerere,Kayunga,Busaana,Namirembe,Wampologoma
Bugerere,Kayunga,Busaana,Namirembe,Kiyuya
Bugerere,Kayunga,Busaana,Namirembe,Kasota
Bugerere,Kayunga,Busaana,Namirembe,Namirembe B
Bugerere,Kayunga,Busaana,Namusaala,Bisaka
Bugerere,Kayunga,Busaana,Namusaala,Namutya
Bugerere,Kayunga,Busaana,Namusaala,Masembe
Bugerere,Kayunga,Busaana,Namusaala,Soroti
Bugerere,Kayunga,Busaana,Namusaala,Namusaala
Bugerere,Kayunga,Busaana,Namusaala,Lusenke
