Kyadondo,Kampala,Kampala Central Division,Mengo,Budonian,3000000000,3500000000,1500000000,2000000000
Kyadondo,Kampala,Kampala Central Division,Mengo,Hoima Road,3500000000,4000000000,2000000000,2500000000
Kyadondo,Kampala,Kampala Central Division,Mengo,Musajja-Alumbwa,3500000000,4000000000,3000000000,3500000000
Kyadondo,Kampala,Kampala Central Division,Mengo,Musajja-Alumbwa Flats,4000000000,5000000000,3000000000,3500000000
Kyadondo,Kampala,Kampala Central Division,Mengo,Namirembe Road,5000000000,7000000000,2000000000,4000000000
Kyadondo,Kampala,Kampala Central Division,Mengo,Nannozi,2500000000,3000000000,1500000000,2000000000
Kyadondo,Kampala,Kampala Central Division,Mengo,Rubaga Road A,3000000000,4000000000,1500000000,2000000000
Kyadondo,Kampala,Kampala Central Division,Mengo,Rubaga Road B,3000000000,4000000000,1500000000,2000000000
Kyadondo,Kampala,Kampala Central Division,Mengo,Sebalijja,3000000000,4000000000,1500000000,2000000000
Kyadondo,Kampala,Kampala Central Division,Mengo,Social Centre,2500000000,3000000000,1500000000,2000000000
Kyadondo,Kampala,Kampala Central Division,Mengo,Sserwanga,2500000000,3000000000,1500000000,2000000000
Kyadondo,Kampala,Kampala Central Division,Mengo,Yoana Maria,2000000000,4000000000,1500000000,2000000000
Kyadondo,Kampala,Kampala Central Division,Bukesa,Kakajjo I,2000000000,3000000000,1000000000,1500000000
Kyadondo,Kampala,Kampala Central Division,Bukesa,Kakajjo II,2000000000,3000000000,1000000000,1500000000
Kyadondo,Kampala,Kampala Central Division,Kisenyi I,Blue Room,4000000000,5000000000,,
Kyadondo,Kampala,Kampala Central Division,Kisenyi I,Buwanika,4000000000,5000000000,,
Kyadondo,Kampala,Kampala Central Division,Kisenyi I,Central,4000000000,5000000000,,
Kyadondo,Kampala,Kampala Central Division,Kisenyi I,Muzaana,4000000000,5000000000,,
Kyadondo,Kampala,Kampala Central Division,Kisenyi II,Church Area,2000000000,3000000000,1500000000,2000000000
Kyadondo,Kampala,Kampala Central Division,Kisenyi II,Kakajjo,2000000000,3000000000,1500000000,2000000000
Kyadondo,Kampala,Kampala Central Division,Kisenyi II,Kasaato,2000000000,3000000000,1500000000,2000000000
Kyadondo,Kampala,Kampala Central Division,Kisenyi II,Kibwa,2000000000,3000000000,1500000000,2000000000
Kyadondo,Kampala,Kampala Central Division,Kisenyi II,Kiganda,2000000000,3000000000,1500000000,2000000000
Kyadondo,Kampala,Kampala Central Division,Kisenyi II,Lubiri Triangle,2500000000,3000000000,1500000000,2000000000
Kyadondo,Kampala,Kampala Central Division,Kisenyi II,Market View,3000000000,4000000000,,
Kyadondo,Kampala,Kampala Central Division,Kisenyi II,Mbiro,3000000000,4000000000,1500000000,2000000000
Kyadondo,Kampala,Kampala Central Division,Kisenyi II,Mengo Hill,3000000000,4000000000,1500000000,2000000000
Kyadondo,Kampala,Kampala Central Division,Kisenyi II,School View,2000000000,3000000000,1500000000,2000000000
Kyadondo,Kampala,Kampala Central Division,Kisenyi III,Kawempe,4000000000,5000000000,,
Kyadondo,Kampala,Kampala Central Division,Kisenyi III,Kiguli,2500000000,3000000000,,
Kyadondo,Kampala,Kampala Central Division,Kisenyi III,Kiti,4000000000,5000000000,,
Kyadondo,Kampala,Kampala Central Division,Kisenyi III,Luzige,2000000000,3000000000,1500000000,2000000000
Kyadondo,Kampala,Kampala Central Division,Kisenyi III,Nook,2000000000,3000000000,1500000000,2000000000
Kyadondo,Kampala,Kampala Central Division,Kisenyi III,Sapoba,2000000000,3000000000,1500000000,2000000000
Kyadondo,Kampala,Makindye Division,Katwe I,Buligwanga,2500000000,3000000000,1500000000,2000000000
Kyadondo,Kampala,Makindye Division,Katwe I,Kasule,2500000000,3000000000,1500000000,2000000000
Kyadondo,Kampala,Makindye Division,Katwe I,Lufula,2500000000,3000000000,1500000000,2000000000
Kyadondo,Kampala,Makindye Division,Katwe I,Musoke,2500000000,3000000000,1500000000,2000000000
Kyadondo,Kampala,Makindye Division,Katwe I,Muwanga,2500000000,3000000000,1500000000,2000000000
Kyadondo,Kampala,Makindye Division,Katwe I,Nawanku,2500000000,3000000000,1500000000,2000000000
Kyadondo,Kampala,Makindye Division,Katwe I,White Nile,2500000000,3000000000,1500000000,2000000000
Kyadondo,Kampala,Makindye Division,Katwe I,Bagirinya,2500000000,3000000000,1500000000,2000000000
Kyadondo,Kampala,Makindye Division,Katwe I,Lubiri Ring Road,2500000000,3500000000,1500000000,2000000000
Kyadondo,Kampala,Makindye Division,Katwe I,Muwonge,2500000000,3000000000,1500000000,2000000000
Kyadondo,Kampala,Makindye Division,Katwe II,Along Kayemba Road,1000000000,2000000000,800000000,1000000000
Kyadondo,Kampala,Makindye Division,Katwe II,Along Jjuuko Road,1000000000,2000000000,800000000,1000000000
Kyadondo,Kampala,Makindye Division,Katwe II,Along Katumba Road,1000000000,2000000000,800000000,1000000000
Kyadondo,Kampala,Makindye Division,Katwe II,Base,1000000000,1500000000,800000000,1000000000
Kyadondo,Kampala,Makindye Division,Katwe II,Central,1000000000,1500000000,800000000,1000000000
Kyadondo,Kampala,Makindye Division,Katwe II,Kevina,1000000000,1500000000,800000000,1000000000
Kyadondo,Kampala,Makindye Division,Katwe II,Kiganda,1000000000,1500000000,800000000,1000000000
Kyadondo,Kampala,Makindye Division,Katwe II,Taawo,1000000000,1200000000,750000000,900000000
Kyadondo,Kampala,Makindye Division,Katwe II,West,1000000000,1500000000,800000000,1000000000
Kyadondo,Kampala,Makindye Division,Katwe II,Byuma,1000000000,1200000000,750000000,900000000
Kyadondo,Kampala,Makindye Division,Katwe II,Katenda,1000000000,1500000000,800000000,1000000000
Kyadondo,Kampala,Makindye Division,Kibuye I,Barracks,2000000000,3000000000,1500000000,2000000000
Kyadondo,Kampala,Makindye Division,Kibuye I,Juuko,1500000000,2000000000,1000000000,1200000000
Kyadondo,Kampala,Makindye Division,Kibuye I,Nabisalu,1500000000,2000000000,1000000000,1200000000
Kyadondo,Kampala,Makindye Division,Kibuye I,Nkere,1500000000,2000000000,1000000000,1200000000
Kyadondo,Kampala,Makindye Division,Kibuye I,Wasswa,1500000000,2000000000,1000000000,1200000000
Kyadondo,Kampala,Makindye Division,Kibuye I,St. Bendect,1800000000,2100000000,1000000000,1200000000
Kyadondo,Kampala,Makindye Division,Kibuye I,Kanakulya,1500000000,2000000000,1000000000,1200000000
Kyadondo,Kampala,Makindye Division,Kibuye I,Nsuwa,1500000000,2000000000,1000000000,1200000000
Kyadondo,Kampala,Makindye Division,Kibuye I,Kapeke,1500000000,2000000000,1000000000,1200000000
Kyadondo,Kampala,Makindye Division,Kibuye I,Masaku,1500000000,2000000000,1000000000,1200000000
Kyadondo,Kampala,Makindye Division,Kibuye I,Wanyana,1500000000,2000000000,1000000000,1200000000
Kyadondo,Kampala,Makindye Division,Kibuye II,Kategula,1000000000,1500000000,800000000,1000000000
Kyadondo,Kampala,Makindye Division,Kibuye II,Kavule,1000000000,1200000000,800000000,1000000000
Kyadondo,Kampala,Makindye Division,Kibuye II,Kirundu,1000000000,1200000000,800000000,1000000000
Kyadondo,Kampala,Makindye Division,Kibuye II,Wansanso,1000000000,1200000000,800000000,1000000000
Kyadondo,Kampala,Makindye Division,Kibuye II,Lubiri,1000000000,1200000000,800000000,1000000000
Kyadondo,Kampala,Makindye Division,Kibuye II,Lwanga,1000000000,1200000000,800000000,1000000000
Kyadondo,Kampala,Makindye Division,Kibuye II,Nyago,1000000000,1200000000,800000000,1000000000
Kyadondo,Kampala,Makindye Division,Kibuye II,Kiyembe,1000000000,1500000000,800000000,1000000000
Kyadondo,Kampala,Makindye Division,Salaama,Buziga,1400000000,1800000000,900000000,1200000000
Kyadondo,Kampala,Makindye Division,Salaama,Kyamula,1400000000,1800000000,900000000,1200000000
Kyadondo,Kampala,Makindye Division,Salaama,Mulungu,1200000000,1500000000,1000000000,1200000000
Kyadondo,Kampala,Makindye Division,Salaama,Nakinyuguzi,900000000,1200000000,700000000,800000000
Kyadondo,Kampala,Makindye Division,Salaama,Kalani,900000000,1200000000,700000000,800000000
Kyadondo,Kampala,Makindye Division,Salaama,Kosovo,900000000,1200000000,700000000,800000000
Kyadondo,Kampala,Makindye Division,Salaama,Kigaga,900000000,1200000000,700000000,800000000
Kyadondo,Kampala,Makindye Division,Salaama,Boston,900000000,1200000000,700000000,800000000
Kyadondo,Kampala,Makindye Division,Salaama,Badongo,900000000,1200000000,700000000,800000000
Kyadondo,Kampala,Makindye Division,Salaama,Zikusoka,900000000,1200000000,800000000,900000000
Kyadondo,Kampala,Makindye Division,Salaama,Valley,900000000,1200000000,700000000,800000000
Kyadondo,Kampala,Makindye Division,Salaama,Munyonyo,1500000000,2000000000,1000000000,1200000000
Kyadondo,Kampala,Makindye Division,Salaama,Salama Central,1500000000,2000000000,900000000,1200000000
Kyadondo,Kampala,Makindye Division,Salaama,Takajunge,900000000,1200000000,700000000,800000000
Kyadondo,Kampala,Makindye Division,Buziga,Katuuso,1200000000,1500000000,800000000,900000000
Kyadondo,Kampala,Makindye Division,Buziga,Kiruddu,1200000000,1500000000,800000000,900000000
Kyadondo,Kampala,Makindye Division,Buziga,Mawanga,1500000000,1800000000,800000000,1000000000
Kyadondo,Kampala,Makindye Division,Buziga,Upper Buziga,1200000000,1500000000,1000000000,1200000000
Kyadondo,Kampala,Makindye Division,Buziga,Sserwadda,1200000000,1500000000,800000000,900000000
Kyadondo,Kampala,Makindye Division,Buziga,Kakande,1200000000,1500000000,800000000,900000000
Kyadondo,Kampala,Makindye Division,Buziga,Lower Mawanga,1500000000,1800000000,800000000,1000000000
Kyadondo,Kampala,Makindye Division,Buziga,Upper Mawanga,1500000000,1800000000,800000000,1000000000
Kyadondo,Kampala,Makindye Division,Buziga,Mudde,1200000000,1500000000,800000000,900000000
Kyadondo,Kampala,Makindye Division,Buziga,Buziga Hill View,1200000000,1500000000,1000000000,1200000000
Kyadondo,Kampala,Makindye Division,Lukuli,Kalule,800000000,900000000,600000000,700000000
Kyadondo,Kampala,Makindye Division,Lukuli,Katimbo,800000000,900000000,600000000,700000000
Kyadondo,Kampala,Makindye Division,Lukuli,Kizungu,900000000,1200000000,700000000,800000000
Kyadondo,Kampala,Makindye Division,Lukuli,Lower Konge,800000000,900000000,600000000,700000000
Kyadondo,Kampala,Makindye Division,Lukuli,Tyaaba,800000000,900000000,600000000,700000000
Kyadondo,Kampala,Makindye Division,Lukuli,Upper Konge,900000000,1000000000,700000000,800000000
Kyadondo,Kampala,Makindye Division,Lukuli,Zone 5,800000000,900000000,600000000,700000000
Kyadondo,Kampala,Makindye Division,Lukuli,Kintu,800000000,900000000,600000000,700000000
Kyadondo,Kampala,Makindye Division,Lukuli,Nsereko,800000000,900000000,600000000,700000000
Kyadondo,Kampala,Makindye Division,Lukuli,Mponye,800000000,900000000,600000000,700000000
Kyadondo,Kampala,Makindye Division,Lukuli,Kasule,800000000,900000000,600000000,700000000
Kyadondo,Kampala,Makindye Division,Lukuli,Yoram,800000000,900000000,600000000,700000000
Kyadondo,Kampala,Makindye Division,Lukuli,Bruno,800000000,900000000,600000000,700000000
Kyadondo,Kampala,Makindye Division,Lukuli,Kagoda,800000000,900000000,600000000,700000000
Kyadondo,Kampala,Makindye Division,Lukuli,Kanisa,800000000,900000000,600000000,700000000
Kyadondo,Kampala,Makindye Division,Lukuli,Kibalama,800000000,900000000,600000000,700000000
Kyadondo,Kampala,Makindye Division,Lukuli,Kiwempe,800000000,900000000,600000000,700000000
Kyadondo,Kampala,Makindye Division,Lukuli,Sankara,800000000,900000000,600000000,700000000
Kyadondo,Kampala,Makindye Division,Lukuli,Seruwagi,800000000,900000000,600000000,700000000
Kyadondo,Kampala,Makindye Division,Makindye I,Kirombe,800000000,900000000,600000000,700000000
Kyadondo,Kampala,Makindye Division,Makindye I,Kizungu,900000000,1200000000,700000000,800000000
Kyadondo,Kampala,Makindye Division,Makindye I,Lusaka,800000000,900000000,600000000,700000000
Kyadondo,Kampala,Makindye Division,Makindye I,Luvuma,900000000,1000000000,800000000,900000000
Kyadondo,Kampala,Makindye Division,Makindye I,Military Barracks,1500000000,2000000000,1000000000,1200000000
Kyadondo,Kampala,Makindye Division,Makindye I,Mubarrak,1500000000,2000000000,1000000000,1200000000
Kyadondo,Kampala,Makindye Division,Makindye I,Water Pump,800000000,900000000,600000000,700000000
Kyadondo,Kampala,Makindye Division,Makindye I,Katale Zone,800000000,900000000,600000000,700000000
Kyadondo,Kampala,Makindye Division,Makindye I,Ismael Matovu,800000000,900000000,600000000,700000000
Kyadondo,Kampala,Makindye Division,Makindye I,Kazinga Close,800000000,900000000,600000000,700000000
Kyadondo,Kampala,Makindye Division,Makindye II,Dubai,1000000000,1500000000,900000000,1000000000
Kyadondo,Kampala,Makindye Division,Makindye II,Kanisa,1000000000,1500000000,900000000,1000000000
Kyadondo,Kampala,Makindye Division,Makindye II,Kerezia (Calendar Hotel),1000000000,1500000000,900000000,1000000000
Kyadondo,Kampala,Makindye Division,Makindye II,Kipamba,1000000000,1500000000,900000000,1000000000
Kyadondo,Kampala,Makindye Division,Makindye II,Madirisa (KCCA Division),1000000000,1500000000,900000000,1000000000
Kyadondo,Kampala,Makindye Division,Makindye II,Muswangali,1000000000,1500000000,800000000,900000000
Kyadondo,Kampala,Makindye Division,Luwafu,Kirundu,900000000,1200000000,700000000,800000000
Kyadondo,Kampala,Makindye Division,Luwafu,Bukejje,900000000,1200000000,700000000,800000000
Kyadondo,Kampala,Makindye Division,Luwafu,Nakinyuguzi,900000000,1200000000,700000000,800000000
Kyadondo,Kampala,Makindye Division,Luwafu,Amazon,900000000,1200000000,700000000,800000000
Kyadondo,Kampala,Makindye Division,Luwafu,Luwafu-Kizungu,900000000,1200000000,700000000,800000000
Kyadondo,Kampala,Makindye Division,Luwafu,Abas,900000000,1200000000,700000000,800000000
Kyadondo,Kampala,Makindye Division,Luwafu,Sempa,900000000,1200000000,700000000,800000000
Kyadondo,Kampala,Makindye Division,Luwafu,Ssendagala,900000000,1200000000,700000000,800000000
Kyadondo,Kampala,Makindye Division,Luwafu,Diplomat,900000000,1200000000,700000000,800000000
Kyadondo,Kampala,Makindye Division,Luwafu,Nakinyuguzi Lower,900000000,1200000000,700000000,800000000
Kyadondo,Kampala,Makindye Division,Ggaba,Ggaba Trading Centre,1500000000,2000000000,850000000,1000000000
Kyadondo,Kampala,Makindye Division,Ggaba,Kawuku,1200000000,1500000000,850000000,1000000000
Kyadondo,Kampala,Makindye Division,Ggaba,Ggaba Mission,1200000000,1500000000,850000000,1000000000
Kyadondo,Kampala,Makindye Division,Ggaba,Ggaba Water,1200000000,1500000000,850000000,1000000000
Kyadondo,Kampala,Makindye Division,Ggaba,Sendawula,1200000000,1500000000,850000000,1000000000
Kyadondo,Kampala,Makindye Division,Kansanga,Kansanga,1000000000,1500000000,800000000,900000000
Kyadondo,Kampala,Makindye Division,Kansanga,Nabutiti,1000000000,1500000000,800000000,900000000
Kyadondo,Kampala,Makindye Division,Kansanga,Sebuliba,1000000000,1500000000,800000000,900000000
Kyadondo,Kampala,Makindye Division,Kansanga,Maasaana,1000000000,1500000000,800000000,900000000
Kyadondo,Kampala,Makindye Division,Kansanga,Wheeling,1000000000,1500000000,800000000,900000000
Kyadondo,Kampala,Makindye Division,Kansanga,Church,1000000000,1500000000,800000000,900000000
Kyadondo,Kampala,Makindye Division,Kansanga,Kataabu,1000000000,1500000000,800000000,900000000
Kyadondo,Kampala,Makindye Division,Kansanga,Mutesasira,1000000000,1500000000,800000000,900000000
Kyadondo,Kampala,Makindye Division,Kibuli,Kibuli,1500000000,2000000000,900000000,1200000000
Kyadondo,Kampala,Makindye Division,Kibuli,Agip,1500000000,2000000000,900000000,1200000000
Kyadondo,Kampala,Makindye Division,Kibuli,Kitooro,1500000000,2000000000,900000000,1200000000
Kyadondo,Kampala,Makindye Division,Kibuli,Lubowa,1500000000,2000000000,900000000,1200000000
Kyadondo,Kampala,Makindye Division,Kibuli,Central,1500000000,2000000000,900000000,1200000000
Kyadondo,Kampala,Makindye Division,Kabalagala,Buyinja,1500000000,2000000000,1000000000,1200000000
Kyadondo,Kampala,Makindye Division,Wabigalo,Project Zone,1500000000,2000000000,1000000000,1200000000
Kyadondo,Kampala,Makindye Division,Kisugu,Kisugu,1500000000,2000000000,1000000000,1200000000
Kyadondo,Kampala,Makindye Division,Nsambya Central,Central,1500000000,2000000000,1000000000,1500000000
Kyadondo,Kampala,Makindye Division,Nsambya Central,Gogonya II,1200000000,1500000000,800000000,900000000
Kyadondo,Kampala,Makindye Division,Nsambya Central,Nsambya West,1200000000,1500000000,900000000,1000000000
Kyadondo,Kampala,Nakawa Division,Butabika,Butabika,1200000000,1500000000,1000000000,1200000000
Kyadondo,Kampala,Nakawa Division,Butabika,Bbiina A,1000000000,1200000000,800000000,1000000000
Kyadondo,Kampala,Nakawa Division,Butabika,Bbiina B,1000000000,1200000000,800000000,1000000000
Kyadondo,Kampala,Nakawa Division,Mbuya I,Mbuya Hill,2000000000,2500000000,1500000000,1800000000
Kyadondo,Kampala,Nakawa Division,Luzira,Agatii,1200000000,1500000000,800000000,1000000000
Kyadondo,Kampala,Nakawa Division,Luzira,Central,1500000000,1800000000,1000000000,1200000000
Kyadondo,Kampala,Nakawa Division,Luzira,Kamwanyi,1200000000,1500000000,800000000,1000000000
Kyadondo,Kampala,Nakawa Division,Luzira,Kasasiro,1700000000,2500000000,1200000000,1500000000
Kyadondo,Kampala,Nakawa Division,Luzira,Kasumba,1000000000,1500000000,700000000,800000000
Kyadondo,Kampala,Nakawa Division,Luzira,Kisenyi I,1000000000,1500000000,700000000,800000000
Kyadondo,Kampala,Nakawa Division,Luzira,Kisenyi II,1000000000,1500000000,700000000,800000000
Kyadondo,Kampala,Nakawa Division,Luzira,Kisenyi III,1000000000,1500000000,700000000,800000000
Kyadondo,Kampala,Nakawa Division,Luzira,Kisenyi IV,1000000000,1500000000,700000000,800000000
Kyadondo,Kampala,Nakawa Division,Luzira,Kirombe,1500000000,1800000000,1200000000,1500000000
Kyadondo,Kampala,Nakawa Division,Luzira,Lake Drive,1500000000,1800000000,1200000000,1500000000
Kyadondo,Kampala,Nakawa Division,Luzira,Lakeside,1500000000,1800000000,1200000000,1500000000
Kyadondo,Kampala,Nakawa Division,Luzira,Mambo Bado,1500000000,1800000000,1000000000,1200000000
Kyadondo,Kampala,Nakawa Division,Luzira,Marines,1500000000,1800000000,1200000000,1500000000
Kyadondo,Kampala,Nakawa Division,Luzira,Mawejje,1400000000,1800000000,800000000,900000000
Kyadondo,Kampala,Nakawa Division,Luzira,Panda Pier,1400000000,1800000000,800000000,1000000000
Kyadondo,Kampala,Nakawa Division,Luzira,Railway Qtrs,1400000000,1800000000,800000000,1000000000
Kyadondo,Kampala,Nakawa Division,Luzira,Safina,1400000000,1800000000,800000000,900000000
Kyadondo,Kampala,Nakawa Division,Luzira,Stage 5,1400000000,1800000000,800000000,900000000
Kyadondo,Kampala,Nakawa Division,Luzira,Stage 6,1400000000,1800000000,800000000,900000000
Kyadondo,Kampala,Nakawa Division,Luzira,Stage 7,1400000000,1800000000,800000000,900000000
Kyadondo,Kampala,Nakawa Division,Luzira,Upper Bbiina,1400000000,1800000000,800000000,900000000
Kyadondo,Kampala,Lubaga Division,Namirembe,Bakuli,2000000000,3500000000,,
Kyadondo,Kampala,Lubaga Division,Namirembe,Bakuli Market,2000000000,3000000000,,
Kyadondo,Kampala,Lubaga Division,Namirembe,Butikiro,2000000000,2500000000,1500000000,2000000000
Kyadondo,Kampala,Lubaga Division,Namirembe,Ham Mukasa,2000000000,2500000000,1500000000,2000000000
Kyadondo,Kampala,Lubaga Division,Namirembe,Kayiwa,1500000000,2500000000,1000000000,1500000000
Kyadondo,Kampala,Lubaga Division,Namirembe,Kisingiri,2000000000,2500000000,1500000000,2000000000
Kyadondo,Kampala,Lubaga Division,Namirembe,Kitala,2000000000,3000000000,1500000000,2000000000
Kyadondo,Kampala,Lubaga Division,Namirembe,Mackay,1500000000,2500000000,1000000000,1500000000
Kyadondo,Kampala,Lubaga Division,Namirembe,Masiki,1500000000,2500000000,850000000,1500000000
Kyadondo,Kampala,Lubaga Division,Namirembe,Mengo Market,2000000000,2500000000,1500000000,2000000000
Kyadondo,Kampala,Lubaga Division,Namirembe,Mengo Town,2000000000,3000000000,1500000000,2000000000
Kyadondo,Kampala,Lubaga Division,Namirembe,Mulira,2000000000,3000000000,,
Kyadondo,Kampala,Lubaga Division,Namirembe,Ntulume,3000000000,4000000000,1500000000,2000000000
Kyadondo,Kampala,Lubaga Division,Namirembe,Senkatuuka,1500000000,2500000000,800000000,1000000000
Kyadondo,Kampala,Lubaga Division,Nakulabye,Baliruno,1000000000,1800000000,650000000,850000000
Kyadondo,Kampala,Lubaga Division,Nakulabye,Masiro,900000000,1000000000,700000000,800000000
Kyadondo,Kampala,Lubaga Division,Nakulabye,Mujomba,1000000000,1800000000,650000000,850000000
Kyadondo,Kampala,Lubaga Division,Nakulabye,Nakulabye West Church,900000000,1500000000,700000000,800000000
Kyadondo,Kampala,Lubaga Division,Nakulabye,Seventh Day,1000000000,1500000000,500000000,850000000
Kyadondo,Kampala,Lubaga Division,Nakulabye,Suzana,900000000,1000000000,700000000,800000000
Kyadondo,Kampala,Lubaga Division,Nakulabye,Terrace,900000000,1000000000,700000000,800000000
Kyadondo,Kampala,Lubaga Division,Nakulabye,Tree Shadow,900000000,1000000000,700000000,800000000
Kyadondo,Kampala,Lubaga Division,Nakulabye,Zone 7,900000000,1000000000,700000000,800000000
Kyadondo,Kampala,Lubaga Division,Kasubi,Kasubi I,900000000,1000000000,500000000,650000000
Kyadondo,Kampala,Lubaga Division,Kasubi,Kasubi II,900000000,1000000000,500000000,650000000
Kyadondo,Kampala,Lubaga Division,Kasubi,Kasubi IV,900000000,1000000000,500000000,650000000
Kyadondo,Kampala,Lubaga Division,Kasubi,Kawaala I,900000000,1000000000,500000000,650000000
Kyadondo,Kampala,Lubaga Division,Kasubi,Kawaala II,900000000,1000000000,500000000,650000000
Kyadondo,Kampala,Lubaga Division,Kasubi,Kawaala Central,900000000,1000000000,500000000,650000000
Kyadondo,Kampala,Lubaga Division,Kasubi,Kawaala III,900000000,1000000000,500000000,650000000
Kyadondo,Kampala,Lubaga Division,Kasubi,Mugema,900000000,1000000000,500000000,650000000
Kyadondo,Kampala,Lubaga Division,Kasubi,Namungoona/Kasu bi,900000000,1000000000,550000000,700000000
Kyadondo,Kampala,Lubaga Division,Makerere,Kikoni,1500000000,2500000000,800000000,1000000000
Kyadondo,Kampala,Lubaga Division,Makerere,Kavule,1500000000,2500000000,800000000,1000000000
Kyadondo,Kampala,Lubaga Division,Lubya,Bukulugi,500000000,700000000,400000000,500000000
Kyadondo,Kampala,Lubaga Division,Lubya,Kinonya,500000000,700000000,400000000,500000000
Kyadondo,Kampala,Lubaga Division,Lubya,Lubya,800000000,1000000000,450000000,500000000
Kyadondo,Kampala,Lubaga Division,Lubya,Lugala,800000000,1000000000,450000000,500000000
Kyadondo,Kampala,Lubaga Division,Lubya,Lusaze,900000000,1000000000,500000000,600000000
Kyadondo,Kampala,Lubaga Division,Lubya,Mapeera,900000000,1000000000,500000000,600000000
Kyadondo,Kampala,Lubaga Division,Lubya,Masanafu,600000000,800000000,400000000,500000000
Kyadondo,Kampala,Lubaga Division,Lubya,Nabulagala I,800000000,1000000000,400000000,500000000
Kyadondo,Kampala,Lubaga Division,Lubya,Namungoona I,600000000,700000000,400000000,550000000
Kyadondo,Kampala,Lubaga Division,Lubya,Namungoona II,500000000,600000000,400000000,550000000
Kyadondo,Kampala,Lubaga Division,Lungujja,Kikandwa,700000000,800000000,500000000,600000000
Kyadondo,Kampala,Lubaga Division,Lungujja,Kitunzi,700000000,800000000,500000000,600000000
Kyadondo,Kampala,Lubaga Division,Lungujja,Makamba,1000000000,1500000000,800000000,1000000000
Kyadondo,Kampala,Lubaga Division,Lungujja,Sendawula,700000000,800000000,500000000,600000000
Kyadondo,Kampala,Lubaga Division,Lungujja,Wakaliga,1000000000,1500000000,800000000,1000000000
Kyadondo,Kampala,Lubaga Division,Lungujja,Zone 8,800000000,1000000000,700000000,800000000
Kyadondo,Kampala,Lubaga Division,Lungujja,Mbuubi,1000000000,1500000000,800000000,1000000000
Kyadondo,Kampala,Lubaga Division,Rubaga,Ben Kiwanuka,1200000000,1500000000,900000000,1100000000
Kyadondo,Kampala,Lubaga Division,Rubaga,Bulwa,1500000000,2500000000,900000000,1100000000
Kyadondo,Kampala,Lubaga Division,Rubaga,Church,2000000000,2500000000,1000000000,1200000000
Kyadondo,Kampala,Lubaga Division,Rubaga,Hospital,1500000000,2500000000,1000000000,1200000000
Kyadondo,Kampala,Lubaga Division,Rubaga,Kabuusu,2000000000,2500000000,1000000000,1200000000
Kyadondo,Kampala,Lubaga Division,Rubaga,Kakeeka,1500000000,2200000000,900000000,1100000000
Kyadondo,Kampala,Lubaga Division,Rubaga,Kayanja,1800000000,2500000000,900000000,1100000000
Kyadondo,Kampala,Lubaga Division,Rubaga,Lubiri,1800000000,2800000000,900000000,1100000000
Kyadondo,Kampala,Lubaga Division,Rubaga,Lule,1500000000,2000000000,900000000,1100000000
Kyadondo,Kampala,Lubaga Division,Rubaga,Musigula,1500000000,2000000000,900000000,1100000000
Kyadondo,Kampala,Lubaga Division,Rubaga,Nabunya,1200000000,1500000000,1000000000,1200000000
Kyadondo,Kampala,Lubaga Division,Rubaga,Nalukolongo,1200000000,1500000000,800000000,1000000000
Kyadondo,Kampala,Lubaga Division,Rubaga,Pope Paul,2000000000,2500000000,1000000000,1200000000
Kyadondo,Kampala,Lubaga Division,Rubaga,Wagaba,1500000000,2000000000,1000000000,1200000000
Kyadondo,Kampala,Lubaga Division,Mutundwe,Kabaawo,600000000,800000000,400000000,500000000
Kyadondo,Kampala,Lubaga Division,Mutundwe,Kiggagga,600000000,800000000,500000000,600000000
Kyadondo,Kampala,Lubaga Division,Mutundwe,Kitawuluzi,600000000,800000000,400000000,500000000
Kyadondo,Kampala,Lubaga Division,Mutundwe,Kitebi,600000000,800000000,400000000,500000000
Kyadondo,Kampala,Lubaga Division,Mutundwe,Kweeba,600000000,800000000,400000000,500000000
Kyadondo,Kampala,Lubaga Division,Mutundwe,Mbaawo,600000000,800000000,400000000,500000000
Kyadondo,Kampala,Lubaga Division,Mutundwe,Mutundwe I,600000000,800000000,400000000,500000000
Kyadondo,Kampala,Lubaga Division,Mutundwe,Mutundwe II,600000000,800000000,400000000,500000000
Kyadondo,Kampala,Lubaga Division,Mutundwe,Nyanama,600000000,800000000,400000000,500000000
Kyadondo,Kampala,Lubaga Division,Kabowa,Church,800000000,1000000000,700000000,800000000
Kyadondo,Kampala,Lubaga Division,Kabowa,Kabowa Central,800000000,1000000000,700000000,800000000
Kyadondo,Kampala,Lubaga Division,Kabowa,Kironde,800000000,1000000000,700000000,800000000
Kyadondo,Kampala,Lubaga Division,Kabowa,Sembule A,800000000,1000000000,700000000,800000000
Kyadondo,Kampala,Lubaga Division,Kabowa,Sembule B,800000000,1000000000,700000000,800000000
Kyadondo,Kampala,Lubaga Division,Kabowa,Serwadda,800000000,1000000000,700000000,800000000
Kyadondo,Kampala,Lubaga Division,Kabowa,Simbwa,800000000,1000000000,700000000,800000000
Kyadondo,Kampala,Lubaga Division,Kabowa,Ssuuna,800000000,1000000000,700000000,800000000
Kyadondo,Kampala,Lubaga Division,Kabowa,St. Anne,800000000,1000000000,700000000,800000000
Kyadondo,Kampala,Lubaga Division,Kabowa,Wankulukuku,800000000,1000000000,700000000,800000000
Kyadondo,Kampala,Lubaga Division,Natete,Central A,1800000000,2000000000,,
Kyadondo,Kampala,Lubaga Division,Natete,Central B,1500000000,2000000000,,
Kyadondo,Kampala,Lubaga Division,Natete,Central C,1200000000,1500000000,800000000,1000000000
Kyadondo,Kampala,Lubaga Division,Natete,Central D,1200000000,1500000000,800000000,1000000000
Kyadondo,Kampala,Lubaga Division,Natete,Church,1200000000,1500000000,700000000,800000000
Kyadondo,Kampala,Lubaga Division,Natete,Factory,900000000,1000000000,,
Kyadondo,Kampala,Lubaga Division,Natete,Kajumbi,1000000000,1200000000,450000000,600000000
Kyadondo,Kampala,Lubaga Division,Natete,Kiggaga,1200000000,1500000000,450000000,600000000
Kyadondo,Kampala,Lubaga Division,Natete,Kitooro,900000000,1200000000,450000000,600000000
Kyadondo,Kampala,Lubaga Division,Natete,Kivumbi,900000000,1200000000,450000000,600000000
Kyadondo,Kampala,Lubaga Division,Natete,Musoke,900000000,1200000000,450000000,600000000
Kyadondo,Kampala,Lubaga Division,Natete,Nanfuka,1000000000,1500000000,450000000,600000000
Kyadondo,Kampala,Lubaga Division,Ndeeba,Central,2000000000,2500000000,,
Kyadondo,Kampala,Lubaga Division,Ndeeba,Kidoomoole,1000000000,1500000000,500000000,800000000
Kyadondo,Kampala,Lubaga Division,Ndeeba,Aggrey,2000000000,3000000000,1500000000,2000000000
Kyadondo,Kampala,Lubaga Division,Ndeeba,Betania,2000000000,3000000000,1000000000,1500000000
Kyadondo,Kampala,Lubaga Division,Ndeeba,Kasumba,2000000000,3000000000,1000000000,1500000000
Kyadondo,Kampala,Lubaga Division,Ndeeba,Kayanja,2000000000,3000000000,850000000,1000000000
Kyadondo,Kampala,Lubaga Division,Ndeeba,Nsiike I,2500000000,3000000000,1000000000,1500000000
Kyadondo,Kampala,Lubaga Division,Ndeeba,Nsiike II,2500000000,3000000000,1000000000,1500000000
Kyadondo,Kampala,Lubaga Division,Ndeeba,Spire,2000000000,2500000000,1000000000,1500000000
Kyadondo,Kampala,Lubaga Division,Ndeeba,Tomusange,2500000000,3000000000,1000000000,1500000000
Kyadondo,Kampala,Lubaga Division,Busega,Central A,700000000,800000000,500000000,600000000
Kyadondo,Kampala,Lubaga Division,Busega,Central B,700000000,800000000,500000000,600000000
Kyadondo,Kampala,Lubaga Division,Busega,Central C,700000000,800000000,500000000,600000000
Kyadondo,Kampala,Lubaga Division,Busega,Kabaale,700000000,800000000,500000000,600000000
Kyadondo,Kampala,Lubaga Division,Busega,Kibumbiro A,700000000,800000000,500000000,600000000
Kyadondo,Kampala,Lubaga Division,Busega,Kibumbiro B,700000000,800000000,500000000,600000000
Kyadondo,Kampala,Lubaga Division,Busega,Kigwanya,700000000,800000000,500000000,600000000
Kyadondo,Kampala,Lubaga Division,Busega,Kitaka,700000000,800000000,500000000,600000000
Kyadondo,Kampala,Lubaga Division,Busega,Nabisasiro,700000000,800000000,500000000,600000000
Kyadondo,Kampala,Kawempe Division,Mulago II,Bakery,1000000000,1500000000,600000000,700000000
Kyadondo,Kampala,Kawempe Division,Mulago II,Kafeero,1200000000,1500000000,600000000,700000000
Kyadondo,Kampala,Kawempe Division,Mulago II,Katale,1000000000,1500000000,600000000,700000000
Kyadondo,Kampala,Kawempe Division,Mulago II,Kiwonvu,1000000000,1500000000,600000000,700000000
Kyadondo,Kampala,Kawempe Division,Mulago II,Nalwewuba,1200000000,1500000000,600000000,700000000
Kyadondo,Kampala,Kawempe Division,Mulago II,Triangle,1200000000,1500000000,600000000,700000000
Kyadondo,Kampala,Kawempe Division,Mulago II,U.E.B,900000000,1500000000,600000000,700000000
Kyadondo,Kampala,Kawempe Division,Mulago III,Kalerwe,1000000000,1500000000,500000000,700000000
Kyadondo,Kampala,Kawempe Division,Mulago III,Kifumbira,900000000,1000000000,450000000,600000000
Kyadondo,Kampala,Kawempe Division,Mulago III,Lower Nsooba,900000000,1000000000,450000000,600000000
Kyadondo,Kampala,Kawempe Division,Mulago III,Nsooba East,900000000,1000000000,450000000,600000000
Kyadondo,Kampala,Kawempe Division,Mulago III,Upper Nsooba,850000000,1200000000,450000000,600000000
Kyadondo,Wakiso,Makindye Ssabagabo,Mutundwe,Mirembe Zone,450000000,500000000,400000000,450000000
Kyadondo,Wakiso,Makindye Ssabagabo,Mutundwe,Kisigula,450000000,500000000,400000000,450000000
Kyadondo,Wakiso,Makindye Ssabagabo,Mutundwe,Wabiyinja,450000000,500000000,400000000,450000000
Kyadondo,Wakiso,Nangabo,Wampewo,Buyinja,600000000,700000000,500000000,550000000
Kyadondo,Wakiso,Nangabo,Wampewo,Kazinga,400000000,450000000,300000000,350000000
Kyadondo,Wakiso,Nangabo,Wampewo,Luteete A,400000000,500000000,350000000,400000000
Kyadondo,Wakiso,Nangabo,Wampewo,Magere-Kito,400000000,500000000,350000000,400000000
Kyadondo,Wakiso,Nangabo,Wampewo,Seeta,,,350000000,400000000
Kyadondo,Wakiso,Nangabo,Wampewo,Wampewo (gayaza road),600000000,700000000,500000000,600000000
Kyadondo,Wakiso,Nangabo,Wampewo,Wampewo,450000000,500000000,350000000,400000000
Kyadondo,Wakiso,Nangabo,Gayaza,Gayaza A,600000000,700000000,500000000,550000000
Kyadondo,Wakiso,Nangabo,Gayaza,Gayaza B,500000000,600000000,450000000,500000000
Kyadondo,Wakiso,Nangabo,Gayaza,Kabanyoro,250000000,300000000,200000000,250000000
Kyadondo,Wakiso,Nangabo,Gayaza,Kyankima,450000000,500000000,350000000,400000000
Kyadondo,Wakiso,Nangabo,Gayaza,Kyetume A,450000000,500000000,350000000,400000000
Kyadondo,Wakiso,Nangabo,Gayaza,Nalyamagonja,150000000,200000000,120000000,150000000
Kyadondo,Wakiso,Nangabo,Bulamu,Bulamu Deputy,350000000,400000000,300000000,350000000
Kyadondo,Wakiso,Nangabo,Bulamu,Bulamu-Kasangati,550000000,600000000,500000000,550000000
Kyadondo,Wakiso,Nangabo,Bulamu,Kayebe,400000000,500000000,350000000,400000000
Kyadondo,Wakiso,Nangabo,Bulamu,Kyetume B,400000000,500000000,350000000,400000000
Kyadondo,Wakiso,Nangabo,Bulamu,Namavundu,300000000,350000000,200000000,300000000
Kyadondo,Wakiso,Nangabo,Nangabo,Bbamba,200000000,250000000,200000000,250000000
Kyadondo,Wakiso,Nangabo,Nangabo,Kitagobwa,200000000,250000000,200000000,250000000
Kyadondo,Wakiso,Nangabo,Nangabo,Makenke,200000000,250000000,200000000,250000000
Kyadondo,Wakiso,Nangabo,Nangabo,Nabutaka/Gitta,200000000,250000000,200000000,250000000
Kyadondo,Wakiso,Nangabo,Nangabo,Nangabo,200000000,250000000,200000000,250000000
Kyadondo,Wakiso,Nangabo,Masooli,Kitetikka,400000000,450000000,300000000,350000000
Kyadondo,Wakiso,Nangabo,Masooli,Kiwalimu,300000000,350000000,250000000,300000000
Kyadondo,Wakiso,Nangabo,Masooli,Luteete-Masooli (Kelezia),300000000,350000000,250000000,300000000
Kyadondo,Wakiso,Nangabo,Masooli,Masooli-Kyambogo,250000000,300000000,200000000,250000000
Kyadondo,Wakiso,Nangabo,Katadde,Katadde,150000000,180000000,130000000,150000000
Kyadondo,Wakiso,Nangabo,Watuba,Jokolera,200000000,250000000,175000000,200000000
Kyadondo,Wakiso,Nangabo,Watuba,Kabunza,200000000,250000000,200000000,220000000
Kyadondo,Wakiso,Nangabo,Watuba,Kiti A,200000000,250000000,150000000,200000000
Kyadondo,Wakiso,Nangabo,Watuba,Kiti B,200000000,250000000,150000000,200000000
Kyadondo,Wakiso,Nangabo,Watuba,Watuba,200000000,250000000,150000000,200000000
Kyadondo,Wakiso,Nangabo,Kiteezi,Bbumbu-Kiteezi,250000000,300000000,220000000,260000000
Kyadondo,Wakiso,Nangabo,Kiteezi,Kabaga-Kayanga,250000000,300000000,220000000,250000000
Kyadondo,Wakiso,Nangabo,Kiteezi,Lubatu,240000000,280000000,200000000,220000000
Kyadondo,Wakiso,Nangabo,Kiteezi,Lusanja,240000000,280000000,200000000,220000000
Kyadondo,Wakiso,Kira Town Council,Kira Ward,Kira Gombolola Hq,750000000,900000000,550000000,650000000
Kyadondo,Wakiso,Busukuma,Magigye,Bukemba-Kizawula,,,100000000,120000000
Kyadondo,Wakiso,Busukuma,Magigye,Kijjudde/Buwagga,,,100000000,120000000
Kyadondo,Wakiso,Busukuma,Magigye,Magigye/Luguudo,,,175000000,200000000
Kyadondo,Wakiso,Busukuma,Busukuma,Busukuma,100000000,150000000,90000000,100000000
Kyadondo,Wakiso,Busukuma,Busukuma,Namulonge/Nabala nga,180000000,200000000,100000000,150000000
Kyadondo,Wakiso,Busukuma,Busukuma,Busukuma G/Hq,120000000,140000000,100000000,120000000
Kyadondo,Wakiso,Busukuma,Kabumba,Kabumba,70000000,80000000,50000000,60000000
Busiro,Wakiso,Nsangi,Nabbingo,Nabbingo,350000000,400000000,300000000,350000000
Busiro,Wakiso,Nsangi,Nabbingo,Tegga,350000000,400000000,250000000,300000000
Busiro,Wakiso,Nsangi,Nabbingo,Kiyanja,350000000,400000000,250000000,300000000
Busiro,Wakiso,Nsangi,Buddo,Kimbejja,150000000,200000000,120000000,150000000
Busiro,Wakiso,Nsangi,Buddo,Maggwa,150000000,200000000,120000000,150000000
Busiro,Wakiso,Nsangi,Buddo,Naggalabi,250000000,300000000,200000000,240000000
Busiro,Wakiso,Nsangi,Buddo,Nakiragala,150000000,200000000,120000000,150000000
Busiro,Wakiso,Nsangi,Buddo,Nakasozi,350000000,400000000,200000000,240000000
Busiro,Wakiso,Nsangi,Buddo,Buddo,250000000,300000000,200000000,240000000
Busiro,Wakiso,Nsangi,Buddo,Mugongo A,250000000,300000000,220000000,240000000
Busiro,Wakiso,Nsangi,Kyengera,Nkokonjeru,400000000,500000000,350000000,400000000
Busiro,Wakiso,Nsangi,Kyengera,Wakimese,400000000,500000000,350000000,400000000
Busiro,Wakiso,Nsangi,Kasenge,Kabojja A,200000000,220000000,180000000,200000000
Busiro,Wakiso,Nsangi,Kasenge,Kazinga,200000000,220000000,180000000,200000000
Busiro,Wakiso,Nsangi,Kasenge,Mugongo,250000000,300000000,200000000,240000000
Busiro,Wakiso,Nsangi,Kasenge,Kasenge town,300000000,350000000,300000000,320000000
Busiro,Wakiso,Nsangi,Kasenge,Nalumunye,350000000,400000000,300000000,350000000
Busiro,Wakiso,Nsangi,Kitemu,Kisozi,200000000,250000000,150000000,200000000
Busiro,Wakiso,Nsangi,Kitemu,Kitemu,300000000,320000000,200000000,250000000
Busiro,Wakiso,Nsangi,Kitemu,Nakitokolo,,,100000000,150000000
Busiro,Wakiso,Nsangi,Kitemu,Namagoma,,,150000000,200000000
Busiro,Wakiso,Nsangi,Kitemu,Kivu,,,100000000,120000000
Busiro,Wakiso,Nsangi,Nsangi,Buwaali,220000000,250000000,150000000,200000000
Busiro,Wakiso,Nsangi,Nsangi,Kyambazi,80000000,100000000,100000000,120000000
Busiro,Wakiso,Nsangi,Nsangi,Nsangi (Mukono),250000000,300000000,140000000,180000000
Busiro,Wakiso,Nsangi,Nsangi,Nsangi Gombolola Hq,350000000,400000000,250000000,300000000
Busiro,Wakiso,Nsangi,Nanziga,Katulaga,,,70000000,80000000
Busiro,Wakiso,Nsangi,Nanziga,Mawugulu,,,70000000,80000000
Busiro,Wakiso,Nsangi,Nanziga,Nanziga,80000000,90000000,70000000,80000000
Busiro,Wakiso,Nsangi,Katereke,Katereke,250000000,300000000,200000000,250000000
Busiro,Wakiso,Nsangi,Katereke,Nkonya,,,100000000,120000000
Busiro,Wakiso,Nsangi,Maya,Bujaasi,,,140000000,160000000
Busiro,Wakiso,Nsangi,Maya,Bukomye,,,90000000,100000000
Busiro,Wakiso,Ssisa,Ssisa Mumyuka,Budanyeri,,,100000000,120000000
Busiro,Wakiso,Ssisa,Ssisa Mumyuka,Kagga,,,100000000,120000000
Busiro,Wakiso,Ssisa,Ssisa Mumyuka,Kagulu,,,100000000,120000000
Busiro,Wakiso,Ssisa,Ssisa Mumyuka,Ssisa Sub County HQ,,,100000000,120000000
Busiro,Wakiso,Ssisa,Nakawuka,Katalemwa,,,80000000,90000000
Busiro,Wakiso,Ssisa,Nakawuka,Katwe,,,80000000,90000000
Busiro,Wakiso,Ssisa,Nakawuka,Mpummudde,,,60000000,80000000
Busiro,Wakiso,Ssisa,Nakawuka,Nakawuka (main road),150000000,200000000,130000000,150000000
Busiro,Wakiso,Ssisa,Nakawuka,Nakawuka (inside),,,100000000,120000000
Busiro,Wakiso,Ssisa,Nakawuka-Nsaggu,Bulabi/Nalubudde,,,50000000,60000000
Busiro,Wakiso,Ssisa,Nakawuka-Nsaggu,Nsaggu Central,120000000,140000000,100000000,120000000
Busiro,Wakiso,Ssisa,Nakawuka-Nsaggu,Butenga,,,100000000,120000000
Busiro,Wakiso,Ssisa,Ngogolo,Ssanda (Main road),,,120000000,150000000
Busiro,Wakiso,Ssisa,Ngogolo,Ssanda (inside),,,70000000,80000000
Busiro,Wakiso,Ssisa,Ngogolo,Buswa,,,60000000,70000000
Busiro,Wakiso,Ssisa,Kitende,Kitovu (Main road),,,400000000,450000000
Busiro,Wakiso,Ssisa,Kitende,Kitovu (inside),,,350000000,400000000
Busiro,Wakiso,Ssisa,Kitende,Lumuli,350000000,400000000,320000000,350000000
Busiro,Wakiso,Ssisa,Kitende,Makandwa,350000000,400000000,320000000,350000000
Busiro,Wakiso,Ssisa,Wamala,Lutaba,,,180000000,200000000
Busiro,Wakiso,Ssisa,Wamala,Zziru,,,180000000,200000000
Busiro,Wakiso,Ssisa,Ssisa,Kagulu,120000000,160000000,80000000,100000000
Busiro,Wakiso,Kasanje,Kasanje,Kasanje Gombolola Hq,80000000,110000000,60000000,70000000
Busiro,Wakiso,Kasanje,Kasanje,Buyege,40000000,50000000,30000000,40000000
Busiro,Wakiso,Kasanje,Sokolo,Sokolo,40000000,50000000,20000000,30000000
Busiro,Wakiso,Kasanje,Bulumbu,Bubebbere,40000000,50000000,20000000,30000000
