Bulemeezi,Luwero,Bamunanika,Kibanyi,Kibanyi,55000000,70000000,20000000,30000000,18000000,25000000,,
Bulemeezi,Luwero,Bamunanika,Kibanyi,Giriyada,45000000,55000000,20000000,30000000,18000000,25000000,,
Bulemeezi,Luwero,Bamunanika,Kibanyi,Kalwe,45000000,55000000,20000000,30000000,18000000,25000000,,
Bulemeezi,Luwero,Bamunanika,Kibanyi,Kanjuki,30000000,35000000,20000000,25000000,17000000,22000000,,
Bulemeezi,Luwero,Bamunanika,Kibanyi,Kidolindo,30000000,35000000,17000000,22000000,16000000,18000000,,
Bulemeezi,Luwero,Bamunanika,Kibanyi,Kawuku,30000000,35000000,17000000,22000000,16000000,18000000,,
Bulemeezi,Luwero,Bamunanika,Kibanyi,Kyanika,20000000,25000000,16000000,18000000,13000000,16000000,,
Bulemeezi,Luwero,Bamunanika,Kibanyi,Bugabo,20000000,25000000,16000000,18000000,13000000,16000000,,
Bulemeezi,Luwero,Bamunanika,Kibirizi,Kalagala,20000000,25000000,13000000,18000000,9000000,11000000,,
Bulemeezi,Luwero,Bamunanika,Kibirizi,Gavu,20000000,25000000,13000000,18000000,9000000,11000000,,
Bulemeezi,Luwero,Bamunanika,Kibirizi,Kibirizi,20000000,25000000,13000000,18000000,9000000,11000000,,
Bulemeezi,Luwero,Bamunanika,Kibirizi,Kibibi,20000000,25000000,13000000,18000000,9000000,11000000,,
Bulemeezi,Luwero,Bamunanika,Kibirizi,Nkuluze,20000000,25000000,13000000,18000000,9000000,11000000,,
Bulemeezi,Luwero,Bamunanika,Kibirizi,Kisanga,20000000,25000000,13000000,18000000,9000000,11000000,,
Bulemeezi,Luwero,Bamunanika,Kibirizi,Busambu,20000000,25000000,13000000,18000000,9000000,11000000,,
Bulemeezi,Luwero,Bamunanika,Kibirizi,Nkokonjeru,25000000,30000000,13000000,16000000,11000000,13000000,,
Bulemeezi,Luwero,Bamunanika,Kyampisi,Kasenene,25000000,30000000,20000000,25000000,17000000,22000000,,
Bulemeezi,Luwero,Bamunanika,Kyampisi,Kanseka G/Hq,20000000,25000000,17000000,22000000,13000000,18000000,18000000,22000000
Bulemeezi,Luwero,Bamunanika,Kyampisi,Ndyalumu,25000000,30000000,17000000,22000000,13000000,18000000,,
Bulemeezi,Luwero,Bamunanika,Kyampisi,Kakira,25000000,30000000,17000000,22000000,13000000,18000000,,
Bulemeezi,Luwero,Bamunanika,Kyampisi,Bbuto,25000000,30000000,20000000,25000000,13000000,18000000,,
Bulemeezi,Luwero,Bamunanika,Kyampisi,Luteete,35000000,40000000,30000000,35000000,20000000,25000000,,
Bulemeezi,Luwero,Bamunanika,Kyampisi,Kisaku,25000000,30000000,20000000,25000000,20000000,25000000,,
Bulemeezi,Luwero,Bamunanika,Kyampisi,Kikaabya,25000000,30000000,20000000,25000000,13000000,18000000,,
Bulemeezi,Luwero,Bamunanika,Kyampisi,Magogo,25000000,30000000,20000000,25000000,13000000,18000000,,
Bulemeezi,Luwero,Bamunanika,Kyampisi,Muyenga,25000000,30000000,20000000,25000000,13000000,18000000,,
Bulemeezi,Luwero,Bamunanika,Mpologoma,Mpologoma,17000000,22000000,11000000,13000000,7000000,9000000,,
Bulemeezi,Luwero,Bamunanika,Mpologoma,Mityebiri,25000000,30000000,13000000,16000000,7000000,9000000,,
Bulemeezi,Luwero,Bamunanika,Mpologoma,Kangulumira,25000000,30000000,13000000,16000000,7000000,9000000,,
Bulemeezi,Luwero,Bamunanika,Mpologoma,Mpungu,25000000,30000000,13000000,16000000,7000000,9000000,,
Bulemeezi,Luwero,Bamunanika,Sekamuli,Sekamuli,25000000,30000000,13000000,22000000,9000000,13000000,,
Bulemeezi,Luwero,Bamunanika,Sekamuli,Namakofu,20000000,25000000,17000000,22000000,11000000,13000000,,
Bulemeezi,Luwero,Bamunanika,Kiteme,Kiteme,25000000,30000000,20000000,25000000,13000000,18000000,,
Bulemeezi,Luwero,Bamunanika,Kiteme,Kyotamugavu,30000000,35000000,20000000,25000000,17000000,22000000,,
Bulemeezi,Luwero,Bamunanika,Kiteme,Butalyamisana,25000000,30000000,20000000,25000000,17000000,22000000,,
Bulemeezi,Luwero,Bamunanika,Kiteme,Bukesa,25000000,30000000,20000000,25000000,17000000,22000000,,
Bulemeezi,Luwero,Bamunanika,Kiteme,Nalweweta,30000000,35000000,25000000,30000000,17000000,22000000,,
Bulemeezi,Luwero,Bamunanika,Kiteme,Buwanuka,20000000,25000000,13000000,18000000,11000000,13000000,,
Bulemeezi,Luwero,Bamunanika,Kiteme,Buweka,20000000,25000000,13000000,18000000,11000000,13000000,,
Bulemeezi,Luwero,Bamunanika,Kiteme,Kasolo-Buddu,17000000,22000000,13000000,18000000,11000000,13000000,,
Bulemeezi,Luwero,Bamunanika,Kiteme,Kikonda,20000000,25000000,17000000,22000000,11000000,13000000,,
Bulemeezi,Luwero,Bamunanika,Kiteme,Kasolo- Kitobola,17000000,22000000,13000000,16000000,11000000,13000000,,
Bulemeezi,Luwero,Bamunanika,Kiteme,Kivule,20000000,25000000,17000000,22000000,16000000,18000000,,
Bulemeezi,Luwero,Bamunanika,Kiteme,Kiwebya,25000000,30000000,20000000,25000000,13000000,18000000,,
Bulemeezi,Luwero,Bamunanika,Kiteme,Nalongo,20000000,25000000,17000000,22000000,16000000,18000000,,
Bulemeezi,Luwero,Bombo Town Council,Nkokonjeru,Kabulanaka East,90000000,100000000,60000000,70000000,40000000,45000000,,
Bulemeezi,Luwero,Bombo Town Council,Nkokonjeru,Kabulanaka West,90000000,100000000,60000000,70000000,40000000,45000000,,
Bulemeezi,Luwero,Bombo Town Council,Lomule Ward,Lomule,70000000,75000000,50000000,60000000,30000000,40000000,,
Bulemeezi,Luwero,Butuntumula,Bukambagga,Bukambagga,20000000,25000000,13000000,18000000,9000000,11000000,,
Bulemeezi,Luwero,Butuntumula,Bukambagga,Katuumu,35000000,50000000,30000000,35000000,13000000,18000000,,
Bulemeezi,Luwero,Butuntumula,Bukambagga,Kito,18000000,22000000,13000000,18000000,7000000,9000000,,
Bulemeezi,Luwero,Butuntumula,Bukambagga,Lukyamu,13000000,18000000,11000000,13000000,7000000,9000000,,
Bulemeezi,Luwero,Butuntumula,Bukambagga,Lusenke,20000000,25000000,13000000,18000000,9000000,13000000,,
Bulemeezi,Luwero,Butuntumula,Kakabala,Gayaza,20000000,25000000,13000000,18000000,11000000,13000000,,
Bulemeezi,Luwero,Butuntumula,Kakabala,Kakabala,20000000,25000000,17000000,22000000,13000000,16000000,,
Bulemeezi,Luwero,Butuntumula,Kakabala,Kakiinzi- Kakoola,45000000,55000000,35000000,45000000,20000000,25000000,,
Bulemeezi,Luwero,Butuntumula,Kakabala,Kakiinzi- Lugagala,50000000,60000000,30000000,40000000,25000000,30000000,,
Bulemeezi,Luwero,Butuntumula,Kakabala,Nalongo,50000000,60000000,30000000,40000000,20000000,25000000,,
Bulemeezi,Luwero,Butuntumula,Kakabala,Vvumba,90000000,100000000,60000000,75000000,45000000,55000000,,
Bulemeezi,Luwero,Butuntumula,Kakabala,Yandwe,40000000,55000000,25000000,35000000,20000000,25000000,,
Bulemeezi,Luwero,Butuntumula,Kakinzi,Kibikke,25000000,35000000,17000000,22000000,16000000,18000000,,
Bulemeezi,Luwero,Butuntumula,Kalwanga,Kaaya Farm/ Kitabula,8000000,10000000,6000000,7000000,4000000,5000000,,
Bulemeezi,Luwero,Butuntumula,Kalwanga,Kagalama,10000000,12000000,6000000,7000000,4000000,5000000,,
Bulemeezi,Luwero,Butuntumula,Kalwanga,Lukiizi,10000000,12000000,6000000,7000000,4000000,5000000,,
Bulemeezi,Luwero,Butuntumula,Kalwanga,Nabigoza,8000000,10000000,6000000,7000000,4000000,5000000,,
Bulemeezi,Luwero,Butuntumula,Kyawangabi,Kateera,30000000,35000000,20000000,25000000,13000000,18000000,,
Bulemeezi,Luwero,Butuntumula,Kyawangabi,Kyawangabi,30000000,35000000,17000000,22000000,11000000,13000000,,
Bulemeezi,Luwero,Butuntumula,Kyawangabi,Lutuula,30000000,35000000,17000000,22000000,11000000,13000000,,
Bulemeezi,Luwero,Butuntumula,Kyawangabi,Muwangi,20000000,25000000,13000000,18000000,11000000,13000000,,
Bulemeezi,Luwero,Butuntumula,Kyawangabi,Nabutaka,20000000,25000000,13000000,18000000,11000000,13000000,,
Bulemeezi,Luwero,Butuntumula,Kyawangabi,Nakakono,20000000,25000000,13000000,18000000,11000000,13000000,,
Bulemeezi,Luwero,Butuntumula,Kyawangabi,Naluvule,20000000,25000000,13000000,18000000,11000000,13000000,,
Bulemeezi,Luwero,Butuntumula,Kyawangabi,Nansaka,20000000,25000000,13000000,18000000,11000000,13000000,,
Bulemeezi,Luwero,Butuntumula,Bamugolodde,Bamugolodde,20000000,25000000,13000000,18000000,11000000,13000000,,
Bulemeezi,Luwero,Butuntumula,Bamugolodde,Genda,13000000,18000000,11000000,13000000,7000000,9000000,,
Bulemeezi,Luwero,Butuntumula,Bamugolodde,Gweyawadde,20000000,25000000,13000000,18000000,11000000,13000000,,
Bulemeezi,Luwero,Butuntumula,Bamugolodde,Kakuuto,30000000,40000000,13000000,18000000,11000000,13000000,,
Bulemeezi,Luwero,Butuntumula,Bamugolodde,Kasiiso,40000000,45000000,25000000,35000000,13000000,16000000,,
Bulemeezi,Luwero,Butuntumula,Bamugolodde,Kazinga,18000000,22000000,13000000,18000000,9000000,11000000,,
Bulemeezi,Luwero,Butuntumula,Bamugolodde,Kikunyu,18000000,26000000,13000000,18000000,9000000,11000000,,
Bulemeezi,Luwero,Butuntumula,Bamugolodde,Lumonde,18000000,26000000,13000000,18000000,9000000,11000000,,
Bulemeezi,Luwero,Butuntumula,Bamugolodde,Manya,13000000,18000000,11000000,13000000,9000000,11000000,,
Bulemeezi,Luwero,Butuntumula,Ngogolo,Bukusu,45000000,55000000,30000000,35000000,20000000,25000000,,
Bulemeezi,Luwero,Butuntumula,Ngogolo,Butuntumula G/Hq,55000000,70000000,30000000,35000000,20000000,25000000,40000000,45000000
Bulemeezi,Luwero,Butuntumula,Ngogolo,Kiiya,13000000,18000000,11000000,13000000,7000000,9000000,,
Bulemeezi,Luwero,Butuntumula,Ngogolo,Ngogolo,14000000,18000000,9000000,12000000,7000000,9000000,,
Bulemeezi,Luwero,Butuntumula,Ngogolo,Nsenge,13000000,18000000,10000000,12000000,7000000,9000000,,
Bulemeezi,Luwero,Butuntumula,Ngogolo,Wanonda,13000000,18000000,10000000,12000000,7000000,9000000,,
Bulemeezi,Luwero,Butuntumula,Ngogolo,Kasaala,17000000,22000000,9000000,13000000,9000000,11000000,,
Bulemeezi,Luwero,Kalagala,Kamira,Bunsule,70000000,80000000,60000000,65000000,45000000,50000000,65000000,70000000
Bulemeezi,Luwero,Kalagala,Kamira,Lukyamu,60000000,70000000,50000000,60000000,40000000,45000000,55000000,60000000
Bulemeezi,Luwero,Kalagala,Kalanamu,Kalungu,60000000,70000000,50000000,60000000,40000000,45000000,55000000,60000000
Bulemeezi,Luwero,Kalagala,Kayindu,Kalagala,50000000,65000000,35000000,45000000,26000000,32000000,,
Bulemeezi,Luwero,Kalagala,Kayindu,Nabiteete,50000000,65000000,35000000,45000000,26000000,30000000,,
Bulemeezi,Luwero,Kalagala,Kayindu,Kiyunga,50000000,65000000,35000000,45000000,26000000,30000000,,
Bulemeezi,Luwero,Kalagala,Kayindu,Wampeewo,26000000,30000000,20000000,25000000,13000000,18000000,,
Bulemeezi,Luwero,Kamira,Kabunyata,Kabunyata,45000000,55000000,30000000,35000000,25000000,30000000,,
Bulemeezi,Luwero,Kamira,Kabunyata,Kiiso,20000000,25000000,16000000,18000000,13000000,16000000,,
Bulemeezi,Luwero,Kamira,Kabunyata,Matembe,13000000,18000000,9000000,11000000,7000000,9000000,,
Bulemeezi,Luwero,Kamira,Kabunyata,Kidula,13000000,18000000,9000000,11000000,7000000,9000000,,
Bulemeezi,Luwero,Kamira,Kaswa,Kamira,80000000,90000000,50000000,60000000,45000000,50000000,,
Bulemeezi,Luwero,Kamira,Mazzi,Kabukunga,25000000,30000000,13000000,18000000,11000000,13000000,,
Bulemeezi,Luwero,Kamira,Mazzi,Kakira-Kibanga,25000000,30000000,13000000,18000000,11000000,13000000,,
Bulemeezi,Luwero,Kamira,Mazzi,Mazzi,35000000,45000000,25000000,30000000,18000000,22000000,,
Bulemeezi,Luwero,Kamira,Mazzi,Nabinaka,20000000,25000000,15000000,18000000,13000000,16000000,,
Bulemeezi,Luwero,Kamira,Mazzi,Kirimantungo,20000000,25000000,15000000,18000000,11000000,13000000,,
Bulemeezi,Luwero,Kamira,Kataggwe,Wanfufu,10000000,12000000,8000000,10000000,6000000,7000000,,
Bulemeezi,Luwero,Katikamu,Kikoma,Bukalasa,50000000,65000000,35000000,45000000,25000000,30000000,,
Bulemeezi,Luwero,Katikamu,Kikoma,Kibikke,40000000,45000000,30000000,35000000,20000000,25000000,,
Bulemeezi,Luwero,Kikyusa,Wabusana,Wabusaana,25000000,35000000,12000000,15000000,8000000,10000000,,
Bulemeezi,Luwero,Kikyusa,Kibengo,Lukowe,18000000,20000000,15000000,17000000,12000000,15000000,,
Bulemeezi,Luwero,Luwero ,Kasaala,Kasaala,80000000,90000000,45000000,60000000,25000000,30000000,,
Bulemeezi,Luwero,Luwero ,Kasaala,Kyegombwa,80000000,90000000,45000000,60000000,25000000,30000000,,
Bulemeezi,Luwero,Luwero ,Kasaala,Kyenvunze,80000000,90000000,45000000,60000000,25000000,30000000,,
Bulemeezi,Luwero,Luwero ,Kasaala,Butuntumula,80000000,90000000,45000000,60000000,25000000,30000000,,
Bulemeezi,Luwero,Luwero ,Kasaala,Katundu,60000000,70000000,25000000,30000000,17000000,22000000,,
Bulemeezi,Luwero,Luwero ,Kagugo,Bunyaaka,90000000,105000000,75000000,85000000,60000000,70000000,,
Bulemeezi,Luwero,Luwero ,Kagugo,Bunyeenye,90000000,105000000,75000000,85000000,60000000,70000000,,
Bulemeezi,Luwero,Luwero ,Kagugo,Kagugo,90000000,105000000,75000000,85000000,60000000,70000000,,
Bulemeezi,Luwero,Luwero ,Kagugo,Bukuma,90000000,105000000,75000000,85000000,60000000,70000000,,
Bulemeezi,Luwero,Luwero ,Kagugo,Kyetume,17000000,22000000,13000000,15000000,7000000,9000000,,
Bulemeezi,Luwero,Luwero ,Kagugo,Sakabusolo,25000000,30000000,17000000,22000000,13000000,15000000,,
Bulemeezi,Luwero,Luwero ,Kagugo,Ddekabusa,25000000,30000000,17000000,22000000,13000000,15000000,,
Bulemeezi,Luwero,Luwero ,Kabakeddi,Kabakedi,25000000,30000000,14000000,16000000,10000000,12000000,,
Bulemeezi,Luwero,Luwero ,Kabakeddi,Kigavu,17000000,22000000,9000000,13000000,7000000,9000000,,
Bulemeezi,Luwero,Luwero ,Kabakeddi,Kyeyagalire,17000000,22000000,9000000,13000000,7000000,9000000,,
Bulemeezi,Luwero,Luwero ,Kabakeddi,Wakinoni,25000000,30000000,13000000,18000000,7000000,9000000,,
Bulemeezi,Luwero,Luwero ,Kabakeddi,Lwogi,25000000,30000000,18000000,22000000,13000000,18000000,,
Bulemeezi,Luwero,Luwero ,Kabakeddi,Nsanvu,25000000,30000000,22000000,26000000,13000000,18000000,,
Bulemeezi,Luwero,Luwero ,Kabakeddi,Kibula,24000000,26000000,17000000,22000000,11000000,13000000,,
Bulemeezi,Luwero,Luwero ,Kabakeddi,Nalongo,25000000,30000000,17000000,22000000,16000000,18000000,,
Bulemeezi,Luwero,Luwero ,Kabakeddi,Nalyamagonja,24000000,26000000,17000000,22000000,13000000,18000000,,
Bulemeezi,Luwero,Luwero ,Bwaziba,Kikerege,17000000,22000000,11000000,13000000,7000000,9000000,,
Bulemeezi,Luwero,Luwero ,Bwaziba,Bwaziba,20000000,25000000,13000000,16000000,7000000,9000000,,
Bulemeezi,Luwero,Luwero ,Bwaziba,Ndagga,17000000,22000000,11000000,13000000,7000000,9000000,,
Bulemeezi,Luwero,Luwero ,Kigombe,Kibanvu,25000000,30000000,20000000,25000000,13000000,18000000,,
Bulemeezi,Luwero,Luwero ,Kigombe,Kigombe,25000000,30000000,17000000,22000000,13000000,18000000,,
Bulemeezi,Luwero,Luwero ,Kigombe,Mamuli A,25000000,30000000,20000000,25000000,13000000,16000000,,
Bulemeezi,Luwero,Luwero ,Kigombe,Mamuli B,25000000,30000000,20000000,25000000,13000000,16000000,,
Bulemeezi,Luwero,Luwero ,Kigombe,Bukoma,20000000,25000000,13000000,16000000,11000000,13000000,,
Bulemeezi,Luwero,Luwero ,Bweyeyo,Nsaasi,25000000,30000000,20000000,25000000,11000000,13000000,,
Bulemeezi,Luwero,Luwero ,Bweyeyo,Bweyeyo,25000000,30000000,20000000,25000000,11000000,13000000,,
Bulemeezi,Luwero,Luwero ,Katugo,Balitta,15000000,25000000,10000000,12000000,8000000,10000000,,
Bulemeezi,Luwero,Luwero ,Katugo,Bulanzi,15000000,25000000,10000000,12000000,8000000,10000000,,
Bulemeezi,Luwero,Luwero ,Katugo,Katuugo,20000000,25000000,15000000,25000000,10000000,12000000,,
Bulemeezi,Luwero,Luwero ,Katugo,Mulungi-Omu,12000000,15000000,10000000,12000000,8000000,10000000,,
Bulemeezi,Luwero,Luwero ,Katugo,Kabaaga,28000000,30000000,17000000,22000000,10000000,12000000,,
Bulemeezi,Luwero,Luwero ,Nakikoota,Bukasa,25000000,30000000,20000000,25000000,15000000,20000000,,
Bulemeezi,Luwero,Luwero ,Nakikoota,Bukomba,25000000,30000000,20000000,25000000,15000000,20000000,,
Bulemeezi,Luwero,Luwero ,Nakikoota,Kirangira,25000000,30000000,20000000,25000000,15000000,20000000,,
Bulemeezi,Luwero,Luwero ,Nakikoota,Kiryangonza,20000000,25000000,18000000,20000000,15000000,20000000,,
Bulemeezi,Luwero,Luwero ,Nakikoota,Nakikoota,28000000,30000000,17000000,22000000,15000000,20000000,,
Bulemeezi,Luwero,Luwero ,Nakikoota,Nkoloogi,20000000,25000000,18000000,20000000,12000000,15000000,,
Bulemeezi,Luwero,Luwero ,Kikube,Kikube,20000000,25000000,10000000,13000000,9000000,11000000,,
Bulemeezi,Luwero,Luwero Town Council,Kavule Ward,Kavule,250000000,280000000,150000000,180000000,,,90000000,130000000
Bulemeezi,Luwero,Luwero Town Council,Kavule Ward,Kakookolo,175000000,220000000,115000000,130000000,,,90000000,105000000
Bulemeezi,Luwero,Luwero Town Council,Kiwogozi Ward,Kalongo Miti,175000000,220000000,130000000,160000000,,,90000000,105000000
Bulemeezi,Luwero,Luwero Town Council,Kiwogozi Ward,Kasana Market,250000000,280000000,150000000,180000000,,,100000000,130000000
Bulemeezi,Luwero,Luwero Town Council,Kiwogozi Ward,Kiwogozi,220000000,280000000,150000000,180000000,,,100000000,130000000
Bulemeezi,Luwero,Luwero Town Council,Kiwogozi Ward,Mabaale,130000000,160000000,100000000,130000000,,,80000000,90000000
Bulemeezi,Luwero,Luwero Town Council,Luwero Central Ward,Katwe,80000000,90000000,100000000,130000000,,,90000000,100000000
Bulemeezi,Luwero,Luwero Town Council,Luwero Central Ward,Lumu,150000000,175000000,100000000,130000000,,,90000000,100000000
Bulemeezi,Luwero,Luwero Town Council,Luwero Central Ward,Muliro,150000000,180000000,100000000,130000000,,,90000000,100000000
Bulemeezi,Luwero,Luwero Town Council,Luwero South East Ward,Kalongo,130000000,180000000,115000000,125000000,,,95000000,110000000
Bulemeezi,Luwero,Luwero Town Council,Luwero South East Ward,Kiyenje,90000000,105000000,80000000,90000000,,,60000000,70000000
Bulemeezi,Luwero,Luwero Town Council,Luwero South East Ward,Kizito,90000000,105000000,75000000,85000000,,,60000000,70000000
Bulemeezi,Luwero,Luwero Town Council,Luwero South East Ward,Nakkazi,210000000,245000000,130000000,160000000,,,95000000,115000000
Bulemeezi,Luwero,Luwero Town Council,Luwero West Ward,Binyonyi,210000000,245000000,130000000,160000000,,,95000000,115000000
Bulemeezi,Luwero,Luwero Town Council,Luwero West Ward,Galuweero,130000000,180000000,115000000,125000000,,,90000000,105000000
Bulemeezi,Luwero,Luwero Town Council,Luwero West Ward,Kasoma,130000000,180000000,115000000,125000000,,,90000000,105000000
Bulemeezi,Luwero,Luwero Town Council,Kasana P.W.D Ward,Kikubajinja,90000000,105000000,75000000,85000000,,,60000000,70000000
Bulemeezi,Luwero,Luwero Town Council,Kasana P.W.D Ward,Mabanda,90000000,105000000,75000000,85000000,,,60000000,70000000
Bulemeezi,Luwero,Luwero Town Council,Kasana P.W.D Ward,Kasana PWD,125000000,140000000,100000000,105000000,,,80000000,90000000
Bulemeezi,Luwero,Makulubita,Kagogo,Bowa,25000000,30000000,20000000,25000000,13000000,18000000,,
Bulemeezi,Luwero,Makulubita,Kagogo,Namyeso,18000000,22000000,11000000,13000000,7000000,9000000,,
Bulemeezi,Luwero,Makulubita,Kagogo,Semyungu- Kagogo,25000000,30000000,13000000,22000000,7000000,9000000,,
Bulemeezi,Luwero,Makulubita,Kagogo,Buligwe-Ntinda,20000000,25000000,13000000,18000000,9000000,11000000,,
Bulemeezi,Luwero,Makulubita,Kagogo,Namagala- Buggwe,20000000,25000000,13000000,18000000,9000000,11000000,,
Bulemeezi,Luwero,Makulubita,Kagogo,Nakalembeka,20000000,25000000,13000000,18000000,9000000,11000000,,
Bulemeezi,Luwero,Makulubita,Kalasa,Kabembe,25000000,30000000,20000000,25000000,18000000,22000000,,
Bulemeezi,Luwero,Makulubita,Kalasa,Kabira/Katiiti,25000000,30000000,20000000,25000000,16000000,18000000,,
Bulemeezi,Luwero,Makulubita,Kalasa,Kalasa,45000000,55000000,35000000,40000000,26000000,32000000,,
Bulemeezi,Luwero,Makulubita,Kalasa,Mugogo,25000000,30000000,20000000,25000000,18000000,22000000,,
Bulemeezi,Luwero,Makulubita,Makulubita,Kiduukulu,20000000,25000000,18000000,22000000,7000000,11000000,,
Bulemeezi,Luwero,Makulubita,Makulubita,Kikoko,17000000,22000000,16000000,18000000,9000000,11000000,,
Bulemeezi,Luwero,Makulubita,Makulubita,Makulubita A,35000000,40000000,26000000,32000000,26000000,32000000,,
Bulemeezi,Luwero,Makulubita,Makulubita,Makulubita B,35000000,40000000,26000000,32000000,25000000,30000000,,
Bulemeezi,Luwero,Makulubita,Makulubita,Nakikonge,20000000,25000000,18000000,22000000,9000000,11000000,,
Bulemeezi,Luwero,Makulubita,Makulubita,Kitwalanye,35000000,45000000,35000000,40000000,26000000,32000000,,
Bulemeezi,Luwero,Makulubita,Kanyanda,Kanyanda,40000000,45000000,25000000,30000000,26000000,32000000,,
Bulemeezi,Luwero,Makulubita,Kanyanda,Bulamba,25000000,35000000,20000000,25000000,16000000,18000000,,
Bulemeezi,Luwero,Makulubita,Kanyanda,Singo-Bukwese,35000000,40000000,26000000,32000000,20000000,25000000,,
Bulemeezi,Luwero,Makulubita,Kanyanda,Namakata,25000000,30000000,17000000,22000000,11000000,14000000,,
Bulemeezi,Luwero,Makulubita,Nsanvu,Kasizi,25000000,30000000,20000000,25000000,13000000,18000000,,
Bulemeezi,Luwero,Makulubita,Nsanvu,Mawu,25000000,30000000,20000000,25000000,13000000,18000000,,
Bulemeezi,Luwero,Makulubita,Nsanvu,Mulira,25000000,30000000,17000000,22000000,16000000,18000000,,
Bulemeezi,Luwero,Makulubita,Nsanvu,Namayamba,25000000,30000000,20000000,25000000,16000000,18000000,,
Bulemeezi,Luwero,Makulubita,Nsanvu,Wesune,25000000,30000000,20000000,25000000,16000000,18000000,,
Bulemeezi,Luwero,Makulubita,Waluleeta,Bakijjulula,30000000,40000000,18000000,26000000,13000000,16000000,,
Bulemeezi,Luwero,Makulubita,Waluleeta,Bowa-Kibira,20000000,25000000,13000000,18000000,7000000,9000000,,
Bulemeezi,Luwero,Makulubita,Waluleeta,Waluleeta G/Hq,35000000,45000000,25000000,35000000,18000000,22000000,,
Bulemeezi,Luwero,Makulubita,Waluleeta,Mpumudde,20000000,25000000,13000000,18000000,9000000,13000000,,
Bulemeezi,Luwero,Makulubita,Waluleeta,Bwetyaba,25000000,35000000,18000000,22000000,13000000,16000000,,
Bulemeezi,Luwero,Makulubita,Waluleeta,Kawagalo,18000000,26000000,16000000,18000000,11000000,13000000,,
Bulemeezi,Luwero,Makulubita,Waluleeta,Bugungu,25000000,35000000,18000000,22000000,13000000,16000000,,
Bulemeezi,Luwero,Nyimbwa,Nakatonya,Mayirikiti,120000000,150000000,90000000,100000000,80000000,85000000,,
Bulemeezi,Luwero,Nyimbwa,Nakatonya,Gogonya,85000000,90000000,50000000,60000000,45000000,50000000,,
Bulemeezi,Luwero,Nyimbwa,Nakatonya,Bembe,75000000,90000000,50000000,60000000,45000000,50000000,,
Bulemeezi,Luwero,Nyimbwa,Ssambwe,Kiyana,60000000,65000000,40000000,45000000,30000000,35000000,,
Bulemeezi,Luwero,Wobulenzi Town Council,Katikamu Ward,Kasenene,60000000,65000000,45000000,50000000,20000000,25000000,,
Bulemeezi,Luwero,Wobulenzi Town Council,Katikamu Ward,Lutamu,60000000,65000000,45000000,50000000,20000000,25000000,,
Bulemeezi,Luwero,Zirobwe,Kakakala,Zirobwe Trading Center,120000000,150000000,80000000,85000000,60000000,70000000,,
Bulemeezi,Luwero,Zirobwe,Kakakala,Kakakala,17000000,22000000,10000000,15000000,8000000,10000000,,
Bulemeezi,Luwero,Zirobwe,Kakakala,Kyambogo,17000000,22000000,12000000,15000000,15000000,20000000,,
Bulemeezi,Luwero,Zirobwe,Kakakala,Natyaba,17000000,22000000,12000000,15000000,8000000,10000000,,
Bulemeezi,Luwero,Zirobwe,Kakakala,Wakataayi,45000000,50000000,30000000,35000000,30000000,35000000,,
Bulemeezi,Luwero,Zirobwe,Bukimu,Bukimu,45000000,50000000,30000000,35000000,30000000,,,
Bulemeezi,Luwero,Zirobwe,Bukimu,Kasokoso,45000000,50000000,30000000,35000000,30000000,,,
Bulemeezi,Luwero,Zirobwe,Bukimu,Kisula,30000000,35000000,25000000,30000000,20000000,,,
Bulemeezi,Luwero,Zirobwe,Bubuubi,Kabuwomero,20000000,25000000,13000000,18000000,11000000,13000000,,
Bulemeezi,Luwero,Zirobwe,Bubuubi,Nabiteete,20000000,25000000,13000000,18000000,11000000,13000000,,
Bulemeezi,Luwero,Zirobwe,Kabulanaka,Janda,30000000,35000000,25000000,30000000,18000000,22000000,,
Bulemeezi,Luwero,Zirobwe,Nakigoza,Namatovu,30000000,35000000,15000000,20000000,13000000,18000000,,
Bulemeezi,Luwero,Zirobwe,Nakigoza,Baagya,25000000,35000000,15000000,20000000,13000000,18000000,,
Bulemeezi,Luwero,Zirobwe,Nakigoza,Ndalike,18000000,25000000,15000000,20000000,13000000,18000000,,
Bulemeezi,Luwero,Zirobwe,Ngalonkalu,Buyiki,20000000,25000000,15000000,20000000,13000000,18000000,,
Bulemeezi,Luwero,Zirobwe,Nambi,Kasambya,35000000,45000000,25000000,30000000,20000000,25000000,,
Bulemeezi,Nakaseke,Butalangu Town Council,Kyanya Ward,Muwaluzi,10000000,12000000,8000000,10000000,5000000,7000000,,
Bulemeezi,Nakaseke,Kaasangombe,Mpwedde,Mpwedde,35000000,50000000,15000000,20000000,10000000,12000000,,
Bulemeezi,Nakaseke,Kaasangombe,Mpwedde,Kifunfugu,15000000,20000000,15000000,18000000,10000000,12000000,,
Bulemeezi,Nakaseke,Kaasangombe,Nakaseeta,Nakaseeta,10000000,12000000,8000000,9000000,6000000,7000000,,
Bulemeezi,Nakaseke,Kaasangombe,Nakaseeta,Kikuumango,9000000,10000000,6000000,7000000,5000000,6000000,,
Bulemeezi,Nakaseke,Kaasangombe,Nakaseeta,Lukabala,10000000,12000000,7000000,8000000,6000000,7000000,,
Bulemeezi,Nakaseke,Kaasangombe,Nakaseeta,Kibaale,9000000,10000000,7000000,8000000,6000000,7000000,,
Bulemeezi,Nakaseke,Kaasangombe,Nakaseeta,Kasambya,10000000,12000000,9000000,10000000,7000000,8000000,,
Bulemeezi,Nakaseke,Kapeeka,Kapeeka,Kapeeka,55000000,60000000,35000000,40000000,25000000,30000000,,
Bulemeezi,Nakaseke,Kapeeka,Kalagala,Nkumala,15000000,20000000,8000000,10000000,7000000,8000000,,
Bulemeezi,Nakaseke,Kapeeka,Kalagala,Kasiribiti,20000000,25000000,12000000,15000000,8000000,10000000,,
Bulemeezi,Nakaseke,Kapeeka,Kalagala,Kalagala A,20000000,25000000,15000000,18000000,12000000,15000000,,
Bulemeezi,Nakaseke,Kapeeka,Kalagala,Kalagala B,15000000,20000000,10000000,12000000,8000000,10000000,,
Bulemeezi,Nakaseke,Kapeeka,Namusaale,Bukusu,10000000,15000000,8000000,10000000,7000000,8000000,,
Bulemeezi,Nakaseke,Kapeeka,Kisimula,Kasiga,10000000,15000000,8000000,10000000,7000000,8000000,,
Bulemeezi,Nakaseke,Kikamulo,Luteete,Bugema,50000000,60000000,30000000,40000000,20000000,25000000,,
Bulemeezi,Nakaseke,Kikamulo,Magoma,Kikamulo G/Hq,60000000,75000000,40000000,50000000,30000000,35000000,45000000,50000000
Bulemeezi,Nakaseke,Kikamulo,Kapeke,Kireta,25000000,30000000,20000000,25000000,12000000,15000000,,
Bulemeezi,Nakaseke,Kikamulo,Kapeke,Butuuti,15000000,20000000,10000000,15000000,10000000,12000000,,
Bulemeezi,Nakaseke,Kikamulo,Kamuli,Kamuli,15000000,20000000,10000000,15000000,10000000,12000000,,
Bulemeezi,Nakaseke,Kisoga,Nakonge,Wakyato,8000000,12000000,6000000,7000000,4000000,5000000,,
Bulemeezi,Nakaseke,Kitto,Kitto,Kakoola,40000000,45000000,20000000,25000000,16000000,18000000,,
Bulemeezi,Nakaseke,Kitto,Kitto,Kijeebejo,40000000,45000000,26000000,30000000,18000000,22000000,,
Bulemeezi,Nakaseke,Kitto,Kitto,Kitto,45000000,50000000,26000000,35000000,22000000,26000000,,
Bulemeezi,Nakaseke,Kitto,Kitto,Lusanja,20000000,30000000,18000000,22000000,16000000,18000000,,
Bulemeezi,Nakaseke,Kitto,Kitto,Namakata,20000000,30000000,13000000,18000000,13000000,18000000,,
Bulemeezi,Nakaseke,Kitto,Kitto,Wakataama,20000000,30000000,18000000,22000000,16000000,18000000,,
Bulemeezi,Nakaseke,Kitto,Kitto,Kasagazi,20000000,30000000,18000000,22000000,16000000,18000000,,
Bulemeezi,Nakaseke,Kitto,Kitto,Wandegeya,30000000,40000000,20000000,25000000,16000000,22000000,,
Bulemeezi,Nakaseke,Nakaseke,Kyamutakasa,Nabiika,7000000,8000000,5000000,6000000,3000000,5000000,,
Bulemeezi,Nakaseke,Nakaseke,Kyamutakasa,Kazinga,6000000,7000000,5000000,6000000,3000000,5000000,,
Bulemeezi,Nakaseke,Nakaseke,Kyamutakasa,Kasagga,7000000,8000000,5000000,6000000,3000000,5000000,,
Bulemeezi,Nakaseke,Nakaseke,Bulwadda,Nakigulube,7000000,8000000,5000000,6000000,3000000,5000000,,
Bulemeezi,Nakaseke,Nakaseke,Bulwadda,Bulwadda,7000000,8000000,5000000,6000000,4000000,5000000,,
Bulemeezi,Nakaseke,Nakaseke Town Council,Nakaseke Central Ward,Nakaseke Hospital,100000000,150000000,45000000,50000000,40000000,45000000,80000000,90000000
Bulemeezi,Nakaseke,Nakaseke Town Council,Nakaseke Central Ward,Nakaseke Ssaza,100000000,150000000,45000000,50000000,40000000,45000000,80000000,90000000
Bulemeezi,Nakaseke,Ngoma,Ngoma,Ngoma Town Council,20000000,25000000,12000000,15000000,3000000,5000000,12000000,15000000
Bulemeezi,Nakaseke,Semuto,Migingye,Nakulamudde,15000000,20000000,10000000,12000000,8000000,10000000,,
Bulemeezi,Nakaseke,Semuto,Migingye,Nambeya,15000000,20000000,12000000,15000000,10000000,12000000,,
Bulemeezi,Nakaseke,Semuto,Migingye,Nakkazi,15000000,20000000,10000000,12000000,8000000,10000000,,
Bulemeezi,Nakaseke,Semuto,Migingye,Kirinnya,15000000,20000000,10000000,12000000,8000000,10000000,,
Bulemeezi,Nakaseke,Semuto,Segalya,Lukumbi,15000000,20000000,10000000,12000000,8000000,10000000,,
Bulemeezi,Nakaseke,Semuto,Segalya,Kalege,20000000,25000000,15000000,20000000,10000000,12000000,,
Bulemeezi,Nakaseke,Semuto,Segalya,Nvunanwa,12000000,15000000,8000000,10000000,7000000,8000000,,
Bulemeezi,Nakaseke,Semuto,Kisega,Kikubampanga,15000000,20000000,12000000,15000000,8000000,10000000,,
Bulemeezi,Nakaseke,Semuto,Kisega,Kakonda,10000000,12000000,12000000,15000000,8000000,10000000,,
Bulemeezi,Nakaseke,Semuto,Kilema,Bulema,20000000,25000000,18000000,20000000,7000000,9000000,,
Bulemeezi,Nakaseke,Semuto,Kilema,Kkufu,15000000,18000000,11000000,13000000,7000000,9000000,,
Bulemeezi,Nakaseke,Semuto,Kilema,Kilema,18000000,20000000,11000000,13000000,7000000,9000000,,
Bulemeezi,Nakaseke,Semuto,Kilema,Bukakala,18000000,20000000,11000000,13000000,7000000,9000000,,
Bulemeezi,Nakaseke,Semuto,Kilema,Kawomya,18000000,20000000,11000000,13000000,7000000,9000000,,
Bulemeezi,Nakaseke,Semuto,Kilema,Namirembe,18000000,20000000,11000000,13000000,7000000,9000000,,
Bulemeezi,Nakaseke,Semuto,Health Center Ward,Semuto Health Center,90000000,105000000,70000000,80000000,60000000,65000000,70000000,80000000
Bulemeezi,Nakaseke,Semuto,Katale Ward,Nkuzongere,85000000,90000000,70000000,80000000,60000000,65000000,,
Bulemeezi,Nakaseke,Semuto,Katale Ward,Najjoki,80000000,90000000,60000000,70000000,60000000,65000000,,
Bulemeezi,Nakaseke,Semuto,Transformer Ward,Kikondo,90000000,105000000,60000000,70000000,50000000,55000000,,
Bulemeezi,Nakaseke,Semuto,Posta Ward,Kimegeredde,90000000,105000000,70000000,80000000,45000000,50000000,,
Bulemeezi,Nakaseke,Semuto,Posta Ward,Wakikookoma,110000000,115000000,90000000,100000000,50000000,55000000,,
Bulemeezi,Nakaseke,Semuto,Lule Ward,Lule,35000000,45000000,20000000,25000000,15000000,20000000,25000000,30000000
Bulemeezi,Nakaseke,Wakyato,Mijumwa,Mityomere,15000000,18000000,5000000,7000000,5000000,7000000,,
Bulemeezi,Nakaseke,Wakyato,Kisoga,Kisoga,12000000,15000000,6000000,7000000,4000000,5000000,,
Bulemeezi,Nakaseke,Wakyato,Kisoga,Bwerampindi,12000000,15000000,6000000,7000000,4000000,5000000,,
Bulemeezi,Nakaseke,Wakyato,Kisoga,Kayunga,12000000,15000000,6000000,7000000,4000000,5000000,,
Bulemeezi,Nakaseke,Wakyato,Kirinda,Kirinda,10000000,15000000,3000000,4000000,2000000,3000000,,
Bulemeezi,Nakaseke,Wakyato,Kalagala,Kalagala,10000000,15000000,5000000,6000000,3500000,4000000,,
Buruuli,Nakasongola,Kakooge,Kakooge,Kakooge Trading Center,40000000,50000000,20000000,25000000,,,15000000,20000000
Buruuli,Nakasongola,Kakooge,Kakooge,Kakooge (Kyaalo),17000000,22000000,13000000,16000000,9000000,11000000,16000000,18000000
Buruuli,Nakasongola,Kakooge,Kakooge,Kinywansande,6000000,8000000,4000000,5000000,4000000,5000000,7000000,8000000
Buruuli,Nakasongola,Kakooge,Kakooge,Kazzi,6000000,8000000,4000000,5000000,4000000,5000000,,
Buruuli,Nakasongola,Kakooge,Kakooge,Kirowooza,6000000,8000000,4000000,5000000,4000000,5000000,,
Buruuli,Nakasongola,Kakooge,Kakooge,Kyamasanda,6000000,8000000,4000000,5000000,4000000,5000000,,
Buruuli,Nakasongola,Kakooge,Kakooge,Mulungi Omu,6000000,8000000,4000000,5000000,4000000,5000000,,
Buruuli,Nakasongola,Kakooge,Kakooge,Nakaseeta,6000000,8000000,4000000,5000000,4000000,5000000,,
Buruuli,Nakasongola,Kakooge,Kakooge,Namunsaala,6000000,8000000,4000000,5000000,4000000,5000000,,
Buruuli,Nakasongola,Kakooge,Kakooge,Kabaale,6000000,8000000,4000000,5000000,4000000,5000000,,
Buruuli,Nakasongola,Kalongo,Bamugolode,Bamugolode,,,3000000,4000000,2000000,3000000,,
Buruuli,Nakasongola,Kalongo,Bamugolode,Kiranga,,,3000000,4000000,2000000,3000000,,
Buruuli,Nakasongola,Kalongo,Bamugolode,Namalinda,,,3000000,4000000,2000000,3000000,,
Buruuli,Nakasongola,Kalongo,Kisweera Mayinda,Kakoola,,,3000000,4000000,2000000,3000000,,
Buruuli,Nakasongola,Kalongo,Kisweera Mayinda,Kaleire,,,3000000,4000000,2000000,3000000,,
Buruuli,Nakasongola,Kalongo,Kisweera Mayinda,Katuugo,,,3000000,4000000,2000000,3000000,,
Buruuli,Nakasongola,Kalongo,Kisweera Mayinda,Kisozi,,,3000000,4000000,2000000,3000000,,
Buruuli,Nakasongola,Kalongo,Kisweera Mayinda,Kiswera- mayinda,,,3000000,4000000,2000000,3000000,,
Buruuli,Nakasongola,Kalongo,Kisweera Mayinda,Nakinyama,,,3000000,4000000,2000000,3000000,,
Buruuli,Nakasongola,Kalungi,Wanzogi,Iremya,,,4000000,5000000,3000000,4000000,,
Buruuli,Nakasongola,Kalungi,Wanzogi,Kabbandi,,,4000000,5000000,3000000,4000000,,
Buruuli,Nakasongola,Kalungi,Wanzogi,Kalungi,,,4000000,5000000,3000000,4000000,,
Buruuli,Nakasongola,Kalungi,Wanzogi,Kanyonyi,,,4000000,5000000,3000000,4000000,,
Buruuli,Nakasongola,Kalungi,Wanzogi,Katuugo,,,4000000,5000000,3000000,4000000,,
Buruuli,Nakasongola,Kalungi,Wanzogi,Kawondwe,,,4000000,5000000,3000000,4000000,,
Buruuli,Nakasongola,Kalungi,Wanzogi,Wanzogi,,,4000000,5000000,3000000,4000000,,
Buruuli,Nakasongola,Kalungi,Kazwama,Kazwama,,,3000000,4000000,3000000,4000000,,
Buruuli,Nakasongola,Lwabiyata,Lwampanga,Kabasombwa,,,2000000,3000000,2000000,3000000,,
Buruuli,Nakasongola,Lwabiyata,Lwampanga,Kisenyi,,,2000000,3000000,2000000,3000000,,
Buruuli,Nakasongola,Lwabiyata,Lwampanga,Lwampanga,,,2000000,3000000,2000000,3000000,3000000,5000000
Buruuli,Nakasongola,Lwabiyata,Lwampanga,Mbaari,,,2000000,3000000,2000000,3000000,,
Buruuli,Nakasongola,Lwabiyata,Lwampanga,Nakalikiirya,,,2000000,3000000,2000000,3000000,,
Buruuli,Nakasongola,Lwabiyata,Zengebe,Zengebe,,,2000000,3000000,2000000,3000000,,
Buruuli,Nakasongola,Lwabiyata,Kasaalizi,Kigingo,,,3000000,4000000,2000000,3000000,,
Buruuli,Nakasongola,Lwabiyata,Kasaalizi,Kikaraganya,,,3000000,4000000,2000000,3000000,,
Buruuli,Nakasongola,Lwabiyata,Kasaalizi,Kimole,,,3000000,4000000,2000000,3000000,,
Buruuli,Nakasongola,Lwabiyata,Kasaalizi,Kasaalizi,,,3000000,4000000,2000000,3000000,,
Buruuli,Nakasongola,Lwabiyata,Kasaalizi,Kyawaikata,,,3000000,4000000,2000000,3000000,,
Buruuli,Nakasongola,Lwabiyata,Kasaalizi,Kyebisire,,,3000000,4000000,2000000,3000000,,
Buruuli,Nakasongola,Lwabiyata,Kansira,Kansiira,,,3000000,4000000,2000000,3000000,,
Buruuli,Nakasongola,Lwabiyata,Kansira,Kaduba,,,3000000,4000000,2000000,3000000,,
Buruuli,Nakasongola,Lwabiyata,Kansira,Mpumwire,,,3000000,4000000,2000000,3000000,,
Buruuli,Nakasongola,Lwabiyata,Kansira,Podya,,,3000000,4000000,2000000,3000000,,
Buruuli,Nakasongola,Lwabiyata,Kansira,Soweto,,,3000000,4000000,2000000,3000000,,
Buruuli,Nakasongola,Lwabiyata,Kansira,Kalinda,,,3000000,4000000,2000000,3000000,,
Buruuli,Nakasongola,Lwabiyata,Namiika,Gaaba,,,3000000,4000000,2000000,3000000,,
Buruuli,Nakasongola,Lwabiyata,Namiika,Wabusaana,,,3000000,4000000,2000000,3000000,,
Buruuli,Nakasongola,Lwabiyata,Namiika,Kyambogo,,,3000000,4000000,2000000,3000000,,
Buruuli,Nakasongola,Lwabiyata,Namiika,Kyankanga,,,3000000,4000000,2000000,3000000,,
Buruuli,Nakasongola,Lwabiyata,Namiika,Namiika,,,3000000,4000000,2000000,3000000,,
Buruuli,Nakasongola,Lwabiyata,Nalukonge,Kiteredde,,,3000000,4000000,2000000,3000000,,
Buruuli,Nakasongola,Lwabiyata,Nalukonge,Rwabyata,,,3000000,4000000,2000000,3000000,,
Buruuli,Nakasongola,Lwabiyata,Nalukonge,Rwanjuki,,,3000000,4000000,2000000,3000000,,
Buruuli,Nakasongola,Lwabiyata,Nalukonge,Mpabye,,,3000000,4000000,2000000,3000000,,
Buruuli,Nakasongola,Lwabiyata,Nalukonge,Nalukonge,,,3000000,4000000,2000000,3000000,,
Buruuli,Nakasongola,Lwabiyata,Nalukonge,Nalulongo,,,3000000,4000000,2000000,3000000,,
Buruuli,Nakasongola,Lwabiyata,Nalukonge,Ntagaara,,,3000000,4000000,2000000,3000000,,
Buruuli,Nakasongola,Lwabiyata,Nalukonge,Tumba,,,3000000,4000000,2000000,3000000,,
Buruuli,Nakasongola,Lwabiyata,Nalukonge,Kamuli,,,3000000,4000000,2000000,3000000,,
Buruuli,Nakasongola,Lwabiyata,Kikooge,Kikooge,,,3000000,3500000,4000000,5000000,,
Buruuli,Nakasongola,Lwabiyata,Kikooge,Kikuuta,,,3000000,3500000,4000000,5000000,,
Buruuli,Nakasongola,Lwabiyata,Kikooge,Ndaiga,,,3000000,3500000,4000000,5000000,,
Buruuli,Nakasongola,Lwabiyata,Kikooge,Wangoma,,,3000000,3500000,4000000,5000000,,
Buruuli,Nakasongola,Lwabiyata,Nakayonza,Kaganja,,,4000000,5000000,3000000,4000000,,
Buruuli,Nakasongola,Lwabiyata,Nakayonza,Kirenge,,,4000000,5000000,3000000,4000000,,
Buruuli,Nakasongola,Lwabiyata,Nakayonza,Nakayonza,,,4000000,5000000,3000000,4000000,,
Buruuli,Nakasongola,Lwabiyata,Nakayonza,Namaato,,,4000000,5000000,3000000,4000000,,
Buruuli,Nakasongola,Nabiswera,Kyangogolo,Kalubanga,,,4000000,5000000,3000000,4000000,,
Buruuli,Nakasongola,Nabiswera,Kyangogolo,Kanyonyi,,,3000000,5000000,3000000,4000000,,
Buruuli,Nakasongola,Nabiswera,Kyangogolo,Kyadobo,,,3000000,5000000,3000000,4000000,,
Buruuli,Nakasongola,Nabiswera,Kyangogolo,Kyangogolo,,,3000000,5000000,3000000,4000000,,
Buruuli,Nakasongola,Nabiswera,Kyangogolo,Matuugo,,,3000000,5000000,3000000,4000000,,
Buruuli,Nakasongola,Nabiswera,Kyangogolo,Nabiswera,,,3000000,5000000,3000000,4000000,,
Buruuli,Nakasongola,Nabiswera,Kyangogolo,Nakakoola,,,3000000,5000000,3000000,4000000,,
Buruuli,Nakasongola,Nabiswera,Kyangogolo,Namakukulu,,,3000000,5000000,3000000,4000000,,
Buruuli,Nakasongola,Nakasongola Town Council,Nakasongola West ward,Kalikoma,100000000,130000000,60000000,70000000,,,70000000,80000000
Buruuli,Nakasongola,Nakasongola Town Council,Nakasongola West ward,Kibira,100000000,130000000,60000000,70000000,,,70000000,80000000
Buruuli,Nakasongola,Nakasongola Town Council,Nakasongola West ward,Sungira,100000000,130000000,60000000,70000000,,,70000000,80000000
Buruuli,Nakasongola,Nakasongola Town Council,Nakasongola West ward,Wabbale,100000000,130000000,60000000,70000000,,,70000000,80000000
Buruuli,Nakasongola,Nakasongola Town Council,Nakasongola West ward,Wankati,100000000,130000000,60000000,70000000,,,70000000,80000000
Buruuli,Nakasongola,Nakasongola Town Council,Nakasongola East ward,Wabinyonyi,130000000,160000000,80000000,90000000,,,95000000,105000000
Buruuli,Nakasongola,Nakasongola Town Council,Nakasongola Central Ward,Buruli quarter,160000000,175000000,80000000,90000000,,,95000000,105000000
Buruuli,Nakasongola,Nakasongola Town Council,Nakasongola Central Ward,Nakasongola,160000000,175000000,80000000,90000000,,,95000000,105000000
Buruuli,Nakasongola,Nakasongola Town Council,Nakasongola Central Ward,Wakibombo,160000000,175000000,80000000,90000000,,,95000000,105000000
Buruuli,Nakasongola,Nakitoma,Bujjabe Bujjabe,Bugaramwa,,,4000000,5000000,3000000,4000000,,
Buruuli,Nakasongola,Nakitoma,Bujjabe Bujjabe,Bujjabe,,,4000000,5000000,3000000,4000000,,
Buruuli,Nakasongola,Nakitoma,Bujjabe Bujjabe,Kaikanga,,,4000000,5000000,3000000,4000000,,
Buruuli,Nakasongola,Nakitoma,Bujjabe Bujjabe,Kikooba,,,4000000,5000000,3000000,4000000,,
Buruuli,Nakasongola,Nakitoma,Bujjabe Bujjabe,Kyani-Kafo,,,4000000,5000000,3000000,4000000,,
Buruuli,Nakasongola,Nakitoma,Bujjabe Bujjabe,Nakitoma,,,4000000,5000000,3000000,4000000,,
Buruuli,Nakasongola,Nakitoma,Bujjabe Bujjabe,Wangoiro,,,4000000,5000000,3000000,4000000,,
